customer_id,usage_drop,open_tickets,failed_payments,contract_length,login_frequency,feature_adoption,support_interactions,region,segment,health_score,risk_score
CUST_00001,37.454011884736246,14,7,21,82,9.997491581800288,10,APAC,Startup,47.35383309385055,100.0
CUST_00002,2.0584494295802447,1,7,44,29,21.233911067827616,20,US-East,Enterprise,76.54133303476024,68.68017704126987
CUST_00003,29.122914019804192,9,2,44,54,98.32308858067881,2,US-East,Startup,75.28170017779232,62.75271476390072
CUST_00004,1.3264961159866528,13,1,58,8,1.5966252220214194,1,EU,Enterprise,50.02447882621325,74.08249911666682
CUST_00005,83.31949117361643,2,0,36,49,66.2522284353982,1,APAC,SMB,46.51259387499998,39.98688869470921
CUST_00006,3.1313292455558583,17,9,44,33,39.51502360018144,35,APAC,SMB,52.322520566314566,100.0
CUST_00007,19.59828624191452,7,4,16,81,53.969213238907976,23,APAC,Enterprise,55.89911513964838,47.664670056293225
CUST_00008,14.092422497476264,14,0,25,70,42.340148070636964,0,EU,Startup,74.44452340848306,58.53433555086355
CUST_00009,77.12703466859458,4,9,39,40,91.49596755437808,8,APAC,Startup,29.504751837103505,100.0
CUST_00010,31.09823217156622,4,2,44,85,88.72127425763266,0,EU,Enterprise,81.99717372687518,36.485429626778675
CUST_00011,72.17295211648732,13,6,27,8,71.06628896857873,25,APAC,Enterprise,36.078528392722326,100.0
CUST_00012,50.85706911647028,4,6,39,14,75.55511385430486,35,EU,SMB,53.533684637969515,83.5646914867723
CUST_00013,88.04678390152577,9,8,53,5,45.653457048291024,43,APAC,Enterprise,39.90260472228369,100.0
CUST_00014,31.800347497186387,0,0,57,26,42.71077886262563,12,US-East,Enterprise,44.21475210460323,24.994265175125363
CUST_00015,11.98653673336828,11,7,15,58,32.320293202075526,31,US-West,Enterprise,34.0360862634282,95.60521210281
CUST_00016,25.39154139343447,11,6,2,2,30.087830981676966,48,EU,Enterprise,43.55193172121153,95.34625816805989
CUST_00017,34.5071248026683,0,2,2,52,48.9452760277563,31,EU,Startup,92.37693919699399,41.13172069466279
CUST_00018,36.96544560614045,16,5,24,68,63.23058305935795,5,APAC,Enterprise,64.77545815462666,92.6222417677213
CUST_00019,15.071754396542946,5,2,20,58,22.02410475655483,25,APAC,Startup,52.97545508385902,39.12361783723824
CUST_00020,17.436642900499145,0,7,39,81,83.7710105907328,10,EU,Startup,67.6521257950978,48.3763328855293
CUST_00021,87.7339353380981,2,6,16,89,98.21683433294356,48,APAC,Enterprise,54.51743497022317,72.7099436315703
CUST_00022,90.04180571633304,8,8,35,18,72.59556788702393,2,US-East,Startup,29.72190045829037,100.0
CUST_00023,93.56349942209475,3,5,40,83,58.06866214364547,47,US-East,SMB,53.021974227905204,68.58241345352222
CUST_00024,16.080805141749867,17,1,54,34,65.19612595026005,40,APAC,Startup,47.7544366948662,72.32598079504344
CUST_00025,72.09399242521293,0,2,22,21,24.398964337908357,37,APAC,Startup,51.06721244842509,52.389730049813686
CUST_00026,43.43943655104287,0,0,5,60,49.919337988475235,3,US-East,SMB,73.87587037765866,20.105628256082472
CUST_00027,95.39285770025873,5,2,41,36,92.83185625877253,48,APAC,Enterprise,72.89578325103818,82.35979423886262
CUST_00028,7.534625600612821,0,2,18,24,39.46914668094722,2,APAC,Startup,64.4214099599469,27.26691980777871
CUST_00029,99.00538501042632,1,9,2,89,74.07686177542044,32,EU,Enterprise,49.94630845491119,87.47645075874254
CUST_00030,29.651014364779847,2,1,25,23,91.32405525564712,6,US-East,SMB,88.6268672622484,33.986306009597996
CUST_00031,79.57926694361011,11,2,23,14,37.5582952639944,1,EU,Enterprise,57.755440767781955,80.34630555649237
CUST_00032,15.50416167277442,16,3,42,69,30.326551467322282,42,US-East,Enterprise,58.89053440922065,67.4544983620366
CUST_00033,45.72651616137286,5,3,30,46,69.95122107671938,39,US-East,Startup,42.423302446519976,58.59591517463593
CUST_00034,43.352073758074205,4,9,53,61,83.59801205122058,8,US-West,Enterprise,52.999579789393856,88.28084065610258
CUST_00035,44.235222973110446,15,8,40,0,95.48652806631941,38,US-East,Startup,32.17639321442606,100.0
CUST_00036,4.771612769164879,15,2,37,85,1.4393488629755868,13,APAC,Enterprise,69.52534231729676,65.71923753889575
CUST_00037,46.46738129396114,4,6,58,9,94.9145731591386,35,US-West,Startup,54.362850120285366,74.18826528285003
CUST_00038,50.31362585800877,0,7,5,3,61.585116438991385,15,APAC,Startup,48.56910445013057,74.64694190724035
CUST_00039,80.09492946823997,11,1,35,32,45.825289049151664,42,US-East,SMB,43.12746356654492,81.93976296576061
CUST_00040,20.66843598767454,12,1,51,34,33.65542148887265,25,US-West,SMB,68.7976870988952,55.417714606526346
CUST_00041,81.44684825889358,8,6,4,57,69.67371653641507,44,APAC,SMB,49.05348974331424,94.3265434212703
CUST_00042,42.347094230811855,2,0,35,35,37.201808579278314,38,APAC,Enterprise,76.56289947133568,32.40331128629247
CUST_00043,23.85968597903402,12,6,25,29,90.25529066795667,19,EU,Startup,51.49850687061219,98.59403399490989
CUST_00044,38.92016787341631,11,8,19,75,35.49051904627206,27,US-East,Enterprise,67.02070389331561,100.0
CUST_00045,29.321077169806454,19,4,36,52,79.15790437258485,38,EU,SMB,53.75489477647664,91.28434203754561
CUST_00046,54.95288823237355,4,2,23,74,11.706701642760587,11,US-East,Enterprise,67.25998171947356,51.10202474713775
CUST_00047,83.84807637639851,13,7,42,8,82.18600592903562,1,EU,Startup,42.91702136052503,100.0
CUST_00048,98.6001063822871,3,3,6,30,48.16669879641153,43,US-West,Startup,22.77421355505421,84.57029547814187
CUST_00049,11.119748230615134,2,1,28,57,74.09738609106682,7,US-East,Startup,85.55586904785638,15.724064332296713
CUST_00050,58.336876509715964,16,8,56,32,22.359583851945263,5,APAC,SMB,9.685402423047776,100.0
CUST_00051,92.4643330223596,4,3,35,18,96.9302535619099,17,EU,Startup,44.78146288639992,70.21306739140995
CUST_00052,99.58313750293706,2,6,57,74,28.096318959223034,31,APAC,Enterprise,40.006674005831535,75.94926067603129
CUST_00053,27.738118298113267,3,9,8,57,22.939474570494966,27,APAC,Enterprise,33.54242052549807,82.05815307478207
CUST_00054,68.47311725538793,12,2,6,81,41.66390577384792,4,APAC,SMB,38.65531861925439,89.4672611662206
CUST_00055,86.60638895004084,12,4,55,32,77.76022837352255,17,US-West,Startup,23.350772280107357,100.0
CUST_00056,84.21189231357087,12,0,34,0,1.3671964826997285,5,US-East,SMB,36.366080958408844,95.76639916182523
CUST_00057,91.31657522576428,4,4,37,73,84.96473906774115,16,US-East,Startup,46.90355059813837,66.81682310234783
CUST_00058,27.473179702590876,3,0,49,31,4.689646779121992,30,US-West,SMB,67.43463322588696,22.97772060345438
CUST_00059,77.23183917356393,17,0,54,4,8.840822336564658,16,US-West,Startup,38.210331094267,100.0
CUST_00060,21.296416150891073,5,1,38,49,58.991768685463306,29,US-West,Enterprise,64.12402108707518,37.03503349377793
CUST_00061,51.39894891598108,14,6,42,50,69.76418714934634,28,APAC,Enterprise,29.511119004056077,100.0
CUST_00062,98.0032575285477,1,2,47,22,12.804583895777244,30,APAC,Enterprise,56.93763798298664,54.497495750042475
CUST_00063,89.67884099060119,2,1,58,50,4.086861626647886,4,US-West,Enterprise,34.406465664464264,40.47476774077442
CUST_00064,54.87153092074087,4,8,12,89,89.42172628959257,48,US-East,SMB,79.94905099638052,81.13714423803314
CUST_00065,79.94103989090426,14,7,30,62,37.72859652420726,16,US-East,Startup,41.490520157364905,100.0
CUST_00066,18.45210193563773,14,7,22,13,61.825477153029595,22,US-West,SMB,65.49548537371535,100.0
CUST_00067,14.77390919062267,18,6,3,22,51.167744211566614,46,APAC,Enterprise,34.845304536297284,93.59813550961668
CUST_00068,73.7405206093819,9,6,57,16,21.144800699654464,25,US-East,Enterprise,16.84450477830689,100.0
CUST_00069,67.91023191444896,2,8,45,17,8.69202880874237,46,APAC,Enterprise,39.49634042823665,100.0
CUST_00070,56.44585425226413,9,8,37,5,89.96473971450123,33,US-West,Enterprise,42.19868024769957,95.90209670258533
CUST_00071,93.36918237598746,5,5,55,3,85.08175178361462,29,APAC,Enterprise,40.686724334194224,85.5816129003073
CUST_00072,98.23786169086064,5,1,20,74,86.55071258939803,5,US-West,Startup,57.52334281811796,62.8945411809812
CUST_00073,82.08614731533525,1,7,26,50,83.85825587026248,4,EU,Enterprise,44.807324153243044,73.21377777133746
CUST_00074,73.62471836984882,11,0,26,13,28.863055324025577,36,US-East,Startup,50.83456477373943,71.90503674792468
CUST_00075,59.388309755789884,5,1,56,9,54.86031179381532,9,US-East,Enterprise,48.74286705337149,61.51791717160934
CUST_00076,76.02278598896865,10,7,38,34,34.88682665429953,48,US-West,SMB,38.04134762164403,100.0
CUST_00077,93.29380670999547,10,8,34,75,37.922858496380044,0,APAC,Enterprise,37.83072755524586,100.0
CUST_00078,13.97723766262895,8,4,14,59,16.36559428657045,20,US-West,SMB,55.37412984111524,53.5960789853557
CUST_00079,90.7866130462516,12,9,25,17,81.65994394715771,38,US-East,SMB,33.08833920167258,100.0
CUST_00080,53.978106191463304,14,0,25,16,89.95745732745685,1,EU,Startup,64.62429493983164,74.2573007341273
CUST_00081,11.689804070836407,5,2,7,50,33.49056146570861,14,US-West,Startup,69.88920149372169,47.02659315158566
CUST_00082,57.315084925738866,5,8,33,26,74.3946292572677,3,EU,SMB,61.96238203546472,97.37655556438398
CUST_00083,34.20817487159075,5,3,45,87,60.39578720725125,14,EU,Enterprise,66.40398301884935,49.94126514941558
CUST_00084,72.00365365460743,18,2,36,35,71.61790747329522,26,US-West,SMB,31.80773599614154,96.84796377934127
CUST_00085,22.7350983029987,14,9,46,11,91.18524088429648,39,EU,Startup,70.96477643791312,100.0
CUST_00086,93.21182824836124,3,3,5,36,70.72386343133986,41,US-East,SMB,43.01855298713945,79.6389332322072
CUST_00087,7.7321065488787255,13,7,41,85,91.0686198255713,0,US-East,Startup,92.47757202654694,90.1478586289699
CUST_00088,5.476163882203133,8,9,52,56,0.4632023004602859,40,US-West,Startup,48.72646419665716,78.93633906048379
CUST_00089,92.29602317984849,6,1,27,33,91.84547249393012,42,APAC,SMB,57.75489497211338,54.11549368756451
CUST_00090,3.3879160246594986,0,0,29,62,27.75871726294181,25,APAC,Startup,79.75854587649512,0.0
CUST_00091,99.68742518459473,16,6,1,12,39.73181154575979,18,US-East,Enterprise,15.373272778483244,100.0
CUST_00092,37.77259474401693,15,7,19,17,29.404467922097155,46,US-East,SMB,60.92736905164918,100.0
CUST_00093,49.7011948821249,18,3,1,7,86.17856210135173,38,EU,SMB,36.779845487187345,100.0
CUST_00094,52.65784666592938,0,6,55,31,71.59722288473975,28,EU,Startup,69.81426289501151,47.38565782038211
CUST_00095,67.18927435987284,7,5,57,66,88.7460482513503,27,APAC,SMB,52.54830965095281,77.78251761352675
CUST_00096,60.31974021769796,13,3,52,36,14.108184877771357,13,EU,SMB,46.35131824604015,85.23553756168235
CUST_00097,8.550853085446807,18,2,36,28,42.1424550592498,1,EU,SMB,58.22872642459911,85.7766420524017
CUST_00098,82.51073314226598,2,6,55,11,83.06545065652497,36,US-West,Enterprise,57.82354502109482,66.86973510346621
CUST_00099,29.44657595419177,19,9,22,23,11.423792592039684,29,APAC,Enterprise,39.04782300427577,100.0
CUST_00100,48.47783671503462,16,8,40,65,63.347821982614725,38,US-West,SMB,48.882720380085075,100.0
CUST_00101,52.56901823026858,12,1,23,36,1.8390676547466733,17,US-East,SMB,59.37261446554139,71.01350165803775
CUST_00102,6.717539991571009,4,8,38,75,20.64212717606032,41,EU,SMB,58.088901426819874,60.93146410246585
CUST_00103,73.21845784590624,1,8,53,70,57.32943781794007,16,US-West,SMB,31.725136005602685,70.88984451218157
CUST_00104,4.696596677505505,10,0,51,52,60.31521094663882,25,EU,Startup,83.68245652131877,37.846898586379176
CUST_00105,61.04046670079576,1,6,47,23,93.6829739324758,4,EU,Startup,38.64243767388031,70.92301151535403
CUST_00106,59.507793070025485,10,0,59,72,77.09122037458219,8,US-East,Enterprise,66.30979932246028,52.348909395500016
CUST_00107,68.84023964277361,9,8,39,34,81.91023176741997,36,US-East,Enterprise,51.59169004051655,100.0
CUST_00108,79.00135587918561,16,7,19,7,63.894938533426185,16,US-West,Enterprise,39.79652015030426,100.0
CUST_00109,90.33638126360249,11,9,41,25,3.94268113685059,9,EU,SMB,5.730524481628368,100.0
CUST_00110,12.052257878646444,6,8,51,47,11.528202124728438,22,APAC,Startup,59.732386617358756,84.5014834409086
CUST_00111,45.51436850361561,9,6,17,13,59.6269878482053,34,EU,Enterprise,37.6819901320204,100.0
CUST_00112,53.02651326349002,11,6,15,3,79.07231648389636,24,US-East,SMB,44.85585589094784,100.0
CUST_00113,87.66653778624494,1,6,35,41,99.03413133417772,12,EU,Startup,58.83915426630763,78.90942593017567
CUST_00114,99.79341105333374,19,0,29,61,47.98756203039088,15,EU,Enterprise,32.955085774550795,100.0
CUST_00115,73.22718071846451,16,2,45,13,29.70028764548822,49,US-East,Enterprise,24.395481263763195,92.53713273062955
CUST_00116,91.03391020575343,14,8,15,48,39.16301405403561,3,US-West,Startup,35.60750303114515,100.0
CUST_00117,90.37239671752705,1,8,7,51,6.4986409482894025,7,US-East,Startup,36.177599209115854,93.91994896319966
CUST_00118,51.26885110165086,9,1,57,89,3.6731937426613626,2,US-West,Startup,62.205958664619175,56.65961610551484
CUST_00119,21.63240230365535,8,2,20,60,26.02333679515273,34,APAC,Startup,72.37284487665104,57.95958831434018
CUST_00120,81.58331249906178,5,7,47,88,59.293993484170315,13,APAC,Startup,47.28852442619633,96.35958964962866
CUST_00121,27.295937485631494,8,2,25,75,3.542236841854507,14,EU,SMB,68.17799700731703,65.38521443010183
CUST_00122,40.845321307069874,14,5,8,4,4.878358167317309,17,US-East,SMB,29.90204434261492,100.0
CUST_00123,49.51465270139743,18,9,3,55,66.21120101065647,39,US-West,Startup,20.933321664538674,100.0
CUST_00124,86.8160804051547,0,8,13,44,69.74714616692836,41,APAC,Startup,48.195299495511684,81.74949575741148
CUST_00125,88.16371327703501,12,9,57,30,82.58167505647627,9,EU,Startup,25.019146031475458,100.0
CUST_00126,0.11201114801094869,1,6,2,12,61.69269183757422,48,US-West,Enterprise,58.10849733513234,53.47446211749737
CUST_00127,77.98453951511436,5,2,30,70,54.12665786761103,31,EU,SMB,52.712229887398955,67.65369625699974
CUST_00128,75.36988340505192,3,3,32,67,30.096356694681624,16,US-West,Enterprise,60.47251466301365,66.1446518160647
CUST_00129,5.79204605587983,17,1,14,63,67.60522571867544,11,US-East,Startup,63.263951568321474,67.59491112007412
CUST_00130,6.562614457401295,0,5,47,78,81.87856433570937,10,US-West,SMB,76.46100504620404,50.646171615615174
CUST_00131,99.71245001577111,16,2,13,38,52.702409621186206,28,US-West,Startup,23.479298267139466,100.0
CUST_00132,68.0499302074713,10,2,17,55,43.23348010426019,20,US-West,SMB,31.852318608683618,68.03412027253411
CUST_00133,22.995460589108617,2,0,25,23,36.852634372376116,14,APAC,SMB,95.23471905786607,12.347101562386763
CUST_00134,20.37012492762742,7,1,52,70,62.62203216314154,43,US-East,SMB,87.27428502105835,42.560780260825574
CUST_00135,11.730818896239448,16,3,36,8,20.052472670033673,21,APAC,Startup,32.77457875667034,88.42339511397304
CUST_00136,98.4351407402904,16,7,21,17,68.04566263593253,17,APAC,Startup,47.94910179602937,100.0
CUST_00137,69.49818861265426,0,5,41,7,72.42853081264118,23,US-West,SMB,47.8312609152378,68.6551944289438
CUST_00138,21.03495799188686,0,9,40,31,94.12375042323865,32,US-East,SMB,55.69488848617792,72.0135171625039
CUST_00139,3.3203108791366565,19,9,22,65,97.74663863147858,25,US-West,SMB,66.30472990407097,100.0
CUST_00140,16.748258225906977,16,7,11,60,70.64757264869012,5,EU,Enterprise,71.58962051486603,100.0
CUST_00141,70.90605194509165,7,7,50,61,78.34227259416147,46,US-West,SMB,49.77485896775137,100.0
CUST_00142,45.23182845183001,2,8,42,13,8.162998203058958,11,US-East,Startup,35.09072115876536,79.01005328570594
CUST_00143,21.92139873580443,13,3,45,7,87.18327789731212,31,US-West,Startup,88.2011755810627,77.84945830454578
CUST_00144,22.845474133129873,8,2,28,73,40.32613611238318,28,EU,Enterprise,54.698423924479165,45.084550902168324
CUST_00145,86.82725054083805,19,4,4,19,50.48448818930178,49,APAC,SMB,29.619016251743574,100.0
CUST_00146,72.52576604151365,3,1,15,33,79.29560946056316,38,US-West,Enterprise,66.60984039076457,37.82288085865578
CUST_00147,21.066218900566657,12,1,40,20,73.3113022415281,34,US-West,Startup,58.91382325637094,72.4796782266688
CUST_00148,63.25405332263061,13,1,55,36,85.4385093369579,44,US-East,Startup,45.30088390870639,75.62287485902814
CUST_00149,59.291839983178185,6,8,20,1,9.526150795462629,16,US-West,Startup,35.534171180139,100.0
CUST_00150,65.67366645412922,0,7,12,55,39.665977634356196,22,EU,SMB,34.93881020401571,69.55661549494674
CUST_00151,16.975790508754073,9,9,12,0,44.94338352137377,7,APAC,SMB,59.656368281922944,100.0
CUST_00152,16.761921628831765,10,4,47,75,47.46308757498139,48,EU,Startup,60.663758926189104,77.94582286499212
CUST_00153,55.81402495938629,19,1,14,1,12.297080852962672,36,US-East,Startup,32.94119491243102,89.10526981952813
CUST_00154,31.61561049767505,16,2,14,11,14.834320096208886,49,US-East,Startup,45.783890801341464,88.03574280875695
CUST_00155,45.47398556338591,14,1,23,43,53.22449888262991,22,EU,SMB,45.406800061320226,77.62004022325948
CUST_00156,18.834908376560143,7,5,5,85,25.530652472843187,0,US-East,SMB,63.62024900224262,75.86947606925288
CUST_00157,86.89049844787182,7,0,12,71,79.55103716964031,3,APAC,SMB,48.748900959307846,61.10893814429406
CUST_00158,39.386440565415846,4,8,26,61,65.7845304603036,49,US-East,Enterprise,41.06706079673676,87.08332991251838
CUST_00159,99.33369373586285,12,8,53,76,28.86855955306381,10,US-West,SMB,25.488609459294228,100.0
CUST_00160,43.817234641198766,1,1,13,22,43.5583314812933,10,EU,Enterprise,48.99778372347228,28.84273910840325
CUST_00161,32.83812278850811,0,9,7,14,69.54672066898621,28,US-East,Startup,39.153300585635115,75.96505509136026
CUST_00162,22.726962726315147,10,2,8,77,61.94903460096145,45,APAC,SMB,100.0,53.668653297936686
CUST_00163,47.9181877629731,11,4,34,47,58.017236922733225,43,EU,SMB,28.212611557393156,77.45653431812447
CUST_00164,74.68757161358226,11,4,23,79,64.7474714154603,14,EU,Enterprise,51.197860267763126,85.78990504155763
CUST_00165,47.91832294435999,18,1,14,67,25.677656772050796,45,EU,SMB,59.235158951842706,76.78184013085321
CUST_00166,61.03337833109184,17,1,49,76,41.354910152535155,24,APAC,SMB,39.70682952958191,82.46700609033952
CUST_00167,79.97810954240217,6,7,49,41,18.522844654740965,35,US-West,Enterprise,26.708779680599484,95.63960295919352
CUST_00168,37.35096830383876,12,9,47,12,60.16118201463312,20,US-East,Startup,36.77946870221799,100.0
CUST_00169,61.09809888509917,9,7,24,79,55.663705793671724,26,EU,Startup,41.68605354782903,100.0
CUST_00170,66.75498992914704,17,2,36,73,45.17676787372291,49,APAC,SMB,42.228553578475186,85.72578966023647
CUST_00171,47.289196563318214,16,5,48,36,64.1971500443266,27,US-East,SMB,50.430221063771945,94.63165837023577
CUST_00172,63.201548602041846,1,2,7,84,67.5841245087376,41,US-East,Startup,85.5541622364625,35.09183607705069
CUST_00173,99.12559937021884,13,2,4,89,33.722713275542034,31,APAC,Enterprise,37.87944977039078,85.7153168987577
CUST_00174,89.41908746641182,2,8,8,69,35.49963058319373,3,APAC,Enterprise,53.23471789667484,88.22722056536101
CUST_00175,6.993160570943413,7,5,8,49,68.01319311034514,43,US-West,SMB,56.727998226655586,51.229861389589345
CUST_00176,99.41393612211675,1,5,17,34,73.06505102392461,29,US-West,Enterprise,53.920011924363614,63.32664575087626
CUST_00177,17.530294235765965,14,8,55,79,40.94778530052039,29,US-East,Startup,68.5677297781892,96.83135983954713
CUST_00178,92.71778194794527,12,6,28,4,73.71802250072432,43,APAC,SMB,37.57344085767744,100.0
CUST_00179,25.704726643207987,7,6,32,32,60.84864126597913,11,US-West,Enterprise,64.29696496382037,83.85027285947946
CUST_00180,22.735730009609878,12,1,41,84,34.63217685890035,8,US-West,Startup,80.07483847033062,52.670816738258324
CUST_00181,94.23870191022331,17,6,6,34,78.62759567570944,14,EU,SMB,30.440822363765072,100.0
CUST_00182,87.79743204450695,13,5,3,79,21.198249090223854,13,US-West,Startup,33.9409101832274,96.83313993963468
CUST_00183,69.49510889024617,17,3,18,9,82.24805636343609,24,EU,SMB,20.147202927706083,100.0
CUST_00184,13.919802461752983,15,5,46,51,50.25660764634424,40,US-West,Enterprise,61.115340513746446,95.20443260772576
CUST_00185,2.5811906949486985,14,3,45,59,77.67236304716927,31,APAC,SMB,76.30169332354953,68.18982429782892
CUST_00186,27.775262374926115,5,1,23,82,38.64608411591471,4,US-West,SMB,70.62990519560728,45.34715092602376
CUST_00187,99.48663171697672,14,8,23,82,17.06647585499984,20,EU,Startup,21.341739703607033,100.0
CUST_00188,69.2161341694132,0,3,4,39,81.39702695060188,38,APAC,SMB,55.36643441797143,47.31698475618625
CUST_00189,42.60833838903715,4,3,35,6,52.550462196864004,21,US-West,Enterprise,61.41469509486633,65.08615971858418
CUST_00190,1.1031264428647214,1,4,54,78,58.21482297799723,22,US-East,Enterprise,82.18974181593137,21.737042829412193
CUST_00191,1.2120774643893273,17,4,53,81,6.4616679844086145,31,APAC,Startup,47.814564627922564,78.02671513529127
CUST_00192,45.43773345599609,19,6,53,25,12.71997626874496,33,APAC,Startup,42.70885362168156,100.0
CUST_00193,37.58882851457693,19,5,42,20,95.62221906489484,48,APAC,Enterprise,58.48994885074466,100.0
CUST_00194,27.936771393471638,17,9,40,20,82.51321959287039,33,US-East,Startup,32.508733291677814,100.0
CUST_00195,88.93909161288443,12,2,5,31,98.82752710001313,22,US-East,Startup,44.502572966234176,90.19902476573583
CUST_00196,71.63233880626822,12,2,24,23,3.557086703554835,19,US-West,Startup,28.46893403153629,95.01180918097029
CUST_00197,97.07499576706702,18,6,51,27,35.48413602568904,4,APAC,SMB,32.802106518265774,100.0
CUST_00198,2.094496103091281,15,0,31,7,76.92231478381336,24,US-East,SMB,64.84663753113469,58.743866762842266
CUST_00199,47.825529457592374,17,9,21,35,29.282203670096475,39,APAC,Startup,29.92690865628228,100.0
CUST_00200,52.07681418342127,1,9,15,16,92.80836403260497,8,APAC,SMB,41.250118409654036,72.09603224918942
CUST_00201,61.29395824945255,19,3,21,43,19.747048985993732,45,EU,Enterprise,23.89929708457102,100.0
CUST_00202,25.84316202918181,14,1,21,12,22.106337145372844,7,EU,Startup,55.08795906095138,83.03808539140864
CUST_00203,32.005983252098346,10,8,22,28,72.79471767307432,1,EU,SMB,53.514292192858065,94.79123898789979
CUST_00204,21.35113663106719,18,6,24,43,73.28015447662506,42,EU,Startup,59.071140305829424,100.0
CUST_00205,10.593071255849296,6,8,37,7,46.15574744197899,15,EU,Enterprise,58.76187907487918,89.81382669195524
CUST_00206,27.790209724886783,2,9,34,88,55.50849493022862,45,US-East,Enterprise,51.23038070171641,75.0833947494715
CUST_00207,53.86956673430391,3,5,42,89,83.99639802821825,11,US-West,Enterprise,58.93960655311916,64.69059182775723
CUST_00208,36.79407513020845,10,2,31,69,87.66507618282006,36,APAC,SMB,65.5856286938586,51.99521015676779
CUST_00209,88.61957804650746,2,9,37,84,0.18798835249106416,38,APAC,Enterprise,47.707810748691486,88.83286987635005
CUST_00210,58.82022669483905,3,2,24,79,22.543875546369385,3,US-West,SMB,60.38575903630467,39.40491549300555
CUST_00211,60.214564405248105,18,0,46,82,5.85509292439792,44,EU,Enterprise,52.64662150659474,73.82501800295319
CUST_00212,14.745252670628394,16,6,33,17,37.142200187304574,48,EU,Enterprise,60.83225165932848,100.0
CUST_00213,93.31133313435576,12,0,17,69,63.617736470823274,47,EU,SMB,55.35047800620608,65.76164247695749
CUST_00214,74.72195877420377,6,8,26,15,20.29363675749022,9,US-East,Startup,32.28632035047444,90.7551706464685
CUST_00215,94.06792451153404,9,2,46,25,87.27302504846018,28,US-East,SMB,31.618525970117723,60.72403670304857
CUST_00216,93.73532942158644,3,5,26,3,4.984202778294156,38,US-East,SMB,1.3642049606935736,85.0701260331617
CUST_00217,5.728025107762336,13,8,31,83,65.69551562671396,35,US-West,SMB,52.04530233421517,83.92597188355924
CUST_00218,27.1949726128631,9,8,13,69,6.536615756438524,44,US-East,SMB,58.702574909760635,100.0
CUST_00219,41.10956026007065,6,5,15,81,73.24487318380898,10,EU,Enterprise,65.47377007179887,69.36585983265752
CUST_00220,5.225787928602377,11,7,14,56,49.448113129509295,20,US-West,Enterprise,67.19212738706395,73.39471038965684
CUST_00221,56.53302545716099,18,2,25,84,60.85272726964666,40,US-West,Startup,44.536820839817906,86.87312361704231
CUST_00222,54.51055282606997,1,9,43,40,79.16999884533517,48,US-West,SMB,44.246431772492095,85.7678445534955
CUST_00223,48.469628713004695,4,1,22,56,66.90223373291083,33,EU,SMB,66.66266429793473,50.51847360775375
CUST_00224,29.05875598063551,14,7,38,59,35.597337379485275,34,APAC,SMB,41.01233202148679,93.9270285400204
CUST_00225,33.02150648714976,13,3,22,14,20.488127415071254,20,US-West,Startup,36.52640493493699,85.13350571906795
CUST_00226,94.66379541996072,7,9,28,25,55.798073878263985,1,APAC,Enterprise,28.110138201051424,100.0
CUST_00227,39.07283656136132,2,5,39,51,45.16968192316827,49,EU,SMB,59.43228690354687,50.00801119150286
CUST_00228,9.403610443426636,8,3,37,84,31.234910188551357,8,APAC,SMB,78.11805553695905,46.15669198954621
CUST_00229,15.7954822835348,19,5,12,1,31.67616770675267,2,EU,SMB,49.05177345128697,100.0
CUST_00230,14.071152804875842,0,6,8,31,65.42925523249619,42,US-West,SMB,78.27802697894033,46.25157130092188
CUST_00231,85.6873936075094,8,6,16,0,41.77609792750997,20,APAC,SMB,21.335069303102852,100.0
CUST_00232,97.97824578545219,4,8,3,67,71.93536223691585,33,EU,Enterprise,36.20686486534816,89.18469582604797
CUST_00233,33.684050186110326,8,3,38,49,11.074844531895812,43,APAC,SMB,41.62664648626675,70.10484634158867
CUST_00234,81.92551048714611,11,9,48,20,11.294320841117356,25,APAC,SMB,18.727173988326825,100.0
CUST_00235,34.79414115821666,14,1,58,74,65.11475848816741,47,APAC,Startup,80.25393506156213,68.18591322074396
CUST_00236,84.37373264067243,2,0,20,15,10.634372625577459,34,EU,SMB,41.88686312865096,49.890083671218065
CUST_00237,85.57372589057863,0,7,55,86,7.707801195146069,2,US-West,Startup,45.64784820756244,89.56223605416878
CUST_00238,21.264437637109612,2,8,53,52,65.3162790531283,13,US-East,Startup,61.23072020667013,71.04379785295416
CUST_00239,5.909389007825327,14,1,51,5,67.0732311905834,22,US-West,SMB,59.244868777856624,55.20894264497156
CUST_00240,22.673038292351066,7,2,19,29,80.23543291592642,19,US-West,SMB,68.08963441412179,49.16184776310744
CUST_00241,96.62434107067982,15,8,19,50,82.60390516665719,18,APAC,Startup,38.78991098930423,100.0
CUST_00242,87.2753839566128,13,7,38,52,54.069847664491036,39,US-West,Startup,15.72581321720915,100.0
CUST_00243,7.424087298838645,8,8,4,67,87.72394571622004,1,US-East,Startup,76.48444158751718,93.23333753524894
CUST_00244,62.61761715931382,15,0,48,29,42.91825933963569,10,APAC,Enterprise,39.66457401529757,77.85467313751685
CUST_00245,59.89785081772106,0,4,9,60,3.2645677545668605,34,EU,SMB,60.053161650364096,72.46452271177805
CUST_00246,43.459596085871176,14,8,19,25,16.482467534676204,21,APAC,Enterprise,49.307273884326534,100.0
CUST_00247,70.26337730855164,3,6,7,27,23.418444681548568,11,US-West,SMB,63.19318068464493,79.13509555853437
CUST_00248,47.289713281090485,8,0,8,86,40.69719096342639,21,APAC,SMB,59.39295880320633,32.091219558616025
CUST_00249,4.564874550238374,7,2,42,64,45.04653016578183,44,EU,Enterprise,59.92434252307742,39.33286151155387
CUST_00250,47.42884204312605,16,5,49,45,4.9496853493666615,7,US-East,SMB,48.10859602019789,98.22985396703369
CUST_00251,39.67968470863165,8,8,24,36,28.456230176289754,16,EU,Startup,40.57398975718779,89.11968279359316
CUST_00252,87.42225246851758,12,2,11,76,92.9426694473114,44,APAC,Enterprise,39.33771694537291,67.33385203098591
CUST_00253,71.40326444668564,11,0,45,89,95.5060511484989,4,US-West,SMB,66.70360498484469,54.72295963508463
CUST_00254,11.448763806590511,0,3,18,18,59.63215188603683,39,US-West,Startup,70.89762397000531,34.92188239597682
CUST_00255,35.47712918359842,6,1,29,73,36.1919990837865,10,EU,SMB,68.29141670747003,60.84166146584859
CUST_00256,11.573760667870536,6,2,20,69,12.055841640369025,1,US-West,SMB,81.50723725527975,39.6357712924836
CUST_00257,1.1706610730904066,11,2,43,64,8.439238054454234,14,EU,Enterprise,45.92078512533358,56.6709262614143
CUST_00258,6.738455478552252,10,1,36,44,27.538117425541852,37,US-West,Startup,64.05148510532577,58.22583877609463
CUST_00259,45.01233611819322,11,8,23,74,58.21987465941139,35,US-West,Enterprise,55.09766204219967,81.5205443796653
CUST_00260,64.57405100956123,4,7,1,64,94.66444339935462,18,APAC,Startup,56.923236411881895,80.71016416013208
CUST_00261,34.060416658129164,10,0,49,37,84.7139489693785,7,APAC,SMB,55.695478629168804,46.63143175712206
CUST_00262,45.40016211961149,3,0,45,49,48.55896996593978,23,APAC,SMB,73.47663933904451,32.59143490035152
CUST_00263,3.8996012574911587,10,9,51,49,31.320626107017404,14,US-West,Enterprise,41.91698329142458,92.72689714430398
CUST_00264,37.03969862753065,4,2,23,5,60.294287647946156,8,US-East,SMB,59.60921211889044,54.795629926117954
CUST_00265,54.14076073475852,4,8,49,12,54.1704812410004,21,EU,SMB,50.248156084073415,88.22308921858243
CUST_00266,82.6814973796419,12,2,58,84,34.244797883471335,43,APAC,Startup,53.28134850976533,75.26878631409191
CUST_00267,16.52420504426032,2,1,11,50,78.23883294600873,34,US-East,SMB,83.19718104862336,32.47919153467708
CUST_00268,46.14455118873126,6,4,8,27,85.25577819015535,36,APAC,Startup,43.749788505712175,71.02799289437169
CUST_00269,90.9454610937242,10,5,45,46,86.99691596476849,20,US-East,Enterprise,45.933888165495816,100.0
CUST_00270,68.07558929604855,8,9,12,69,14.879596940511563,18,APAC,SMB,27.065615055856043,100.0
CUST_00271,58.87315221313199,3,5,11,32,56.27116990223392,22,US-East,Startup,54.983442314697555,50.44764129530209
CUST_00272,57.727902923313124,18,4,14,81,44.34558363819041,46,US-East,Startup,49.63045195604349,100.0
CUST_00273,20.04745155284028,8,7,52,44,43.91498166337483,48,EU,SMB,44.940734122221166,75.06119961574467
CUST_00274,25.60475651049543,4,6,16,21,68.77220424305607,42,APAC,SMB,60.5744045194204,77.44801374516653
CUST_00275,64.44702771210336,11,1,41,23,73.30511898599934,29,EU,Startup,46.75552615001478,79.95939653624158
CUST_00276,73.78695185615301,4,0,15,36,0.566581452956727,7,EU,Enterprise,56.31993022018033,56.88506376249598
CUST_00277,84.59214396777321,1,7,23,8,72.31494864646295,13,US-West,Startup,25.266932714384318,75.34678316478387
CUST_00278,34.88205339694793,2,1,45,60,10.094119997752149,37,EU,SMB,61.416812423970114,28.45316819577287
CUST_00279,79.45155444907486,15,5,2,65,71.01100564217066,46,EU,Startup,45.83114270080003,100.0
CUST_00280,92.92280536318539,6,4,39,64,54.898044944164184,29,US-East,Startup,46.5571914353323,82.14199738078042
CUST_00281,64.78174459905284,16,6,23,31,44.93497420396421,9,APAC,SMB,36.14803942842851,100.0
CUST_00282,24.193168031552958,13,3,53,23,28.997011894360902,29,EU,SMB,39.98534655799963,77.53975437378396
CUST_00283,40.14456309131936,13,1,18,74,27.154704741124235,48,APAC,SMB,51.86793646155716,63.07362893293862
CUST_00284,70.69764874557161,17,7,41,5,24.682386920190226,28,US-West,SMB,24.09207158364682,100.0
CUST_00285,89.18721448107347,12,2,49,69,37.73180539631929,11,EU,SMB,35.761536887983254,86.59935638629919
CUST_00286,56.46290509972631,9,6,21,20,87.55112265526162,36,US-West,Enterprise,49.080372777985716,96.34054244414897
CUST_00287,10.536492225085647,18,2,12,36,4.818601239329623,36,APAC,Enterprise,26.709699739647732,79.04639894574689
CUST_00288,47.59677310116559,15,1,14,70,76.75676285179182,17,US-West,Enterprise,39.08733999431499,82.86784446053156
CUST_00289,65.73534821701286,10,5,56,85,21.57406791764541,44,APAC,SMB,52.99436788571746,83.94204035226345
CUST_00290,73.70965504320512,5,4,28,53,19.92152748940531,35,US-West,SMB,55.84618477635335,75.98595394143389
CUST_00291,54.38057278662374,14,4,10,45,24.188888355414594,37,US-East,Startup,39.778162263924884,85.32840547845021
CUST_00292,40.42897472548691,16,5,52,23,72.48564993150171,24,US-West,Enterprise,46.418814000199646,100.0
CUST_00293,31.18638579168832,15,0,40,57,85.71295598562823,41,US-West,Enterprise,73.77964002000594,67.09974809702194
CUST_00294,26.55828329586061,0,6,58,6,34.80955931682881,11,EU,Startup,57.8015573211313,59.80250076839936
CUST_00295,2.3594964645529126,10,7,33,86,78.03761235709804,7,APAC,Startup,65.1791969698642,71.74558519494983
CUST_00296,71.01354317980658,1,1,28,76,74.7444406596694,22,APAC,Enterprise,76.79845764951713,51.63706952442603
CUST_00297,23.915877778224303,19,1,11,14,56.12935429484027,21,APAC,Startup,39.74299215903295,79.3396659580627
CUST_00298,14.08029488926761,9,2,11,76,81.11237699334708,39,EU,SMB,87.57140761955986,51.66845341774184
CUST_00299,29.05045056714204,14,8,46,25,14.730304427897034,4,APAC,SMB,21.534476937295217,100.0
CUST_00300,41.56421866859057,5,1,15,60,94.90711963148439,45,US-West,SMB,71.86641199413054,38.68791315152328
CUST_00301,45.966487040266124,9,2,30,5,44.554163874189086,43,US-East,Startup,53.659370948584495,74.84200608102141
CUST_00302,79.31428739967394,10,5,41,15,63.653864675335434,47,US-West,Enterprise,43.47074671905689,99.60900995578359
CUST_00303,21.91174794699384,4,8,18,18,17.609547133059465,37,APAC,Startup,50.39535183432473,80.30014420213462
CUST_00304,73.21226068429559,1,0,43,42,52.14596387214719,1,US-West,SMB,60.23587432920059,40.53889807177546
CUST_00305,71.8331175372004,14,0,43,38,78.13488406144063,19,US-West,Enterprise,66.71145763341563,79.28649792830541
CUST_00306,83.54078308421259,3,4,28,27,22.867677960360876,42,APAC,Startup,42.02113591412007,62.60310589463356
CUST_00307,25.382107815669485,2,9,36,8,15.380702464160779,26,US-East,Enterprise,45.820472567019905,87.60397928566287
CUST_00308,48.154934027585426,2,3,20,34,5.770292841589885,38,US-West,Enterprise,34.85366420435669,58.81433642835027
CUST_00309,25.100138326230027,19,4,27,81,65.66310737078761,49,US-East,SMB,62.34106900995105,97.89524372206138
CUST_00310,95.63200933875275,1,7,45,40,95.04591705752958,4,US-East,Startup,51.48524807288441,100.0
CUST_00311,32.63384309319872,18,2,45,59,43.010287652980004,6,US-West,Startup,50.35180295553088,92.39689073117749
CUST_00312,47.63357333010988,14,1,52,7,18.613589775334795,18,US-West,Enterprise,39.2509744296478,79.31259318954142
CUST_00313,36.4354238428232,14,2,37,0,40.941207181701834,23,APAC,SMB,56.20490433196554,87.70907056258555
CUST_00314,82.47878562777868,1,8,49,86,4.540328146869255,22,US-East,SMB,40.16545210297326,87.29690349349583
CUST_00315,53.20216789842518,5,4,57,9,20.056025107298293,38,EU,Startup,34.525294007939166,62.584157733367334
CUST_00316,5.190094358730901,3,5,51,35,74.18963269587151,4,US-West,SMB,77.73250273214688,61.74131864006244
CUST_00317,81.8026749138693,15,2,14,56,37.09410081577652,46,US-East,Enterprise,34.44821070128928,100.0
CUST_00318,38.06896811608658,9,9,32,58,26.901964679831046,8,US-West,Enterprise,52.06739823010291,89.46146903060793
CUST_00319,36.17102548595806,15,3,47,24,12.994137226794123,36,US-East,Startup,44.03109219488972,79.41044385488816
CUST_00320,36.92807702155411,8,7,2,14,71.43266357349975,5,EU,Enterprise,52.037184021472754,95.80677167027508
CUST_00321,86.16909037873452,16,1,59,40,19.524060295649203,12,US-East,Startup,41.49603723314394,84.24835683574801
CUST_00322,11.8874391177072,16,6,1,80,38.05177098698945,14,APAC,SMB,31.79089701500802,92.31334807205735
CUST_00323,1.6061864981006146,10,3,35,77,70.3699779629051,13,US-West,Enterprise,76.16284499806338,75.39901021288792
CUST_00324,53.42905518936758,7,2,53,64,30.883442400734083,15,APAC,SMB,54.82436432982909,59.252361861378915
CUST_00325,55.27070757185453,11,9,25,19,67.71524124576736,43,EU,Enterprise,44.360863034448684,100.0
CUST_00326,79.66813971913723,6,7,55,66,85.06802606048463,18,APAC,Enterprise,35.3049136308093,98.44032497031243
CUST_00327,54.88586650773559,10,4,27,11,62.12924490496101,32,US-East,SMB,56.594279743896756,85.07661753648286
CUST_00328,24.71315546613919,0,1,48,18,67.7540945503534,1,US-East,Enterprise,68.4183621516647,16.949056499497562
CUST_00329,78.48618229588801,6,6,14,86,41.833386410228016,28,US-West,Startup,44.686504554832226,79.34586782073715
CUST_00330,43.2018927594506,7,9,29,73,17.936468201221047,5,US-East,Enterprise,49.561604979027884,94.4804786287646
CUST_00331,18.9815302972156,19,8,49,48,39.76123785528706,2,APAC,SMB,41.63534689122477,100.0
CUST_00332,28.746166489725013,9,5,22,25,60.363720055937506,38,APAC,Startup,54.01440873746918,72.52645643431686
CUST_00333,62.36487782902661,14,1,30,52,1.5110684214475034,2,US-East,Enterprise,53.393731840513105,60.97866561534016
CUST_00334,67.20560387522534,5,8,59,58,59.76682827027031,28,EU,SMB,68.05667055987911,85.00146435254736
CUST_00335,93.90570959671871,3,1,30,24,5.048894441240792,0,US-East,Enterprise,41.6234189143094,57.22026926362681
CUST_00336,45.02542461428904,0,9,36,72,83.98016066644267,41,US-West,Enterprise,53.57540204300516,79.53959141777858
CUST_00337,49.8040393056869,17,2,52,84,91.45486638485589,27,EU,Enterprise,62.98590881284329,85.20843257394564
CUST_00338,43.83849800307613,18,7,28,16,54.68759658760446,40,APAC,Startup,43.52690008540593,100.0
CUST_00339,19.92703364668008,14,3,47,62,35.59710324883943,45,APAC,Startup,49.499536238509464,66.01988411049446
CUST_00340,45.894051659682034,2,9,33,74,59.480321467778964,29,EU,Startup,61.250683825291574,83.73893624824291
CUST_00341,54.42539661136977,13,2,10,64,25.335717005966142,26,US-West,Enterprise,42.43987752569818,75.75239149756024
CUST_00342,92.07666084633573,5,8,39,59,36.84489199165789,36,US-East,SMB,46.823383207874386,100.0
CUST_00343,63.024721945615795,10,5,58,39,44.25455148147456,42,EU,SMB,38.08519477945064,98.08535577680394
CUST_00344,2.1913328775008956,3,5,7,60,46.95255420438627,23,US-West,Enterprise,67.45425504340994,57.31602253487583
CUST_00345,26.023659798522935,5,4,48,28,7.049194564314465,9,EU,Startup,62.539210446150385,63.27999104266433
CUST_00346,80.58445326178331,0,3,12,59,44.33065095171753,41,EU,SMB,33.87623463872026,56.61722504799856
CUST_00347,82.85555979060814,12,6,46,31,80.93243982852624,4,US-West,SMB,26.477815857107288,100.0
CUST_00348,94.11208125336735,0,0,21,60,39.27307432714162,44,US-West,Enterprise,42.650596861875414,39.05388491743182
CUST_00349,67.69407829968374,16,6,16,66,41.45160648167923,21,EU,Enterprise,34.137227579041806,98.10353168942932
CUST_00350,72.19292275156795,19,6,45,16,74.06261488943706,20,US-West,SMB,40.609682601392265,100.0
CUST_00351,16.13628010553837,0,0,43,31,89.08555349831467,13,EU,SMB,86.30732866592085,8.946229169273833
CUST_00352,51.922457078020514,10,6,55,46,39.10328691273987,18,APAC,Startup,57.177108880618384,85.9534517750011
CUST_00353,55.68784431720959,14,0,33,18,67.8978493038042,39,US-West,SMB,43.49539678164409,78.06777820000285
CUST_00354,41.195809503410196,0,1,29,47,94.51141887560087,47,US-East,Startup,67.6137237197212,30.411603371588104
CUST_00355,14.284196481433186,16,6,13,68,76.48009724592772,2,US-East,Enterprise,59.76913559205949,82.21073745143326
CUST_00356,1.8124041045729733,16,8,59,2,56.06782949389499,42,US-East,SMB,35.20242833119834,100.0
CUST_00357,72.3443662354912,0,8,22,79,20.34364751360912,43,US-West,Enterprise,58.16292959450284,71.46510988245223
CUST_00358,18.34421964034345,1,8,45,14,46.63097561401701,45,EU,SMB,68.96576179684091,66.6620636334259
CUST_00359,6.697361202527152,5,8,40,35,84.79278837633485,48,US-East,SMB,63.02021589126555,69.78764184668837
CUST_00360,43.34722327556344,9,2,19,2,35.05205342861618,39,EU,Startup,47.685921889670475,63.93065469204091
CUST_00361,65.6729484721608,10,1,49,8,0.5313475668345946,33,US-East,Enterprise,42.263157458025034,84.8896060932882
CUST_00362,58.37135877313639,4,6,32,57,75.85018809163907,34,US-East,Startup,67.15859292125154,87.08946610949103
CUST_00363,16.98810060507353,8,5,29,57,90.82284887003229,22,US-West,SMB,56.46050609059013,82.31430804572392
CUST_00364,57.88067545119405,9,9,13,10,27.09426983163654,7,US-East,Startup,18.646576682525662,100.0
CUST_00365,86.15137072268936,11,9,44,10,18.792038081532304,16,EU,SMB,9.070477213146932,100.0
CUST_00366,45.077628388636384,16,5,57,66,93.90684794502916,29,APAC,Enterprise,56.062387232901614,86.6273454305557
CUST_00367,69.46409588937279,12,3,7,21,6.314029292739132,14,EU,SMB,33.69280531874531,100.0
CUST_00368,78.6708340707309,4,3,12,32,43.23462264033473,0,US-East,Enterprise,30.684345968000716,65.65965787725776
CUST_00369,88.84641099229206,14,4,56,45,66.6847391305658,5,APAC,Startup,24.520562951521704,100.0
CUST_00370,90.09608956904678,7,5,18,1,74.80047363714034,32,APAC,Startup,30.2683103684974,98.38655387528772
CUST_00371,99.88926120332906,10,9,3,34,57.1162298622361,15,APAC,Startup,15.533824832571726,100.0
CUST_00372,36.04268271414861,18,5,11,29,31.277798921035405,47,EU,Startup,29.911519225945618,100.0
CUST_00373,51.163571789507714,2,2,16,68,86.4433246868364,9,US-East,Startup,65.1588930838339,39.35404072038113
CUST_00374,73.30036196283534,1,9,43,24,22.8875462483499,18,US-West,Startup,32.89896323286592,100.0
CUST_00375,61.85270587181856,4,2,21,11,49.41476706378827,48,US-West,Startup,59.5248961529436,58.50282508635172
CUST_00376,94.92006931808913,17,6,54,81,11.006328420111522,10,US-East,Startup,26.338724977669838,100.0
CUST_00377,69.71358058918092,8,5,10,21,15.620656868662197,6,APAC,SMB,24.519022342820357,93.23769936142709
CUST_00378,45.51719917336564,14,0,29,45,16.972842857692317,19,APAC,SMB,49.84926910000987,56.03690605161096
CUST_00379,68.5700542933644,5,2,28,55,95.35350978515088,12,US-West,SMB,65.39522952893113,48.54140633372148
CUST_00380,92.13075122129754,10,7,44,39,59.40827805697124,19,US-West,Enterprise,32.3825406860725,100.0
CUST_00381,60.68469555401391,19,6,16,45,65.90454101322324,6,APAC,Startup,41.848032451666626,100.0
CUST_00382,73.74260857706773,8,2,51,83,21.62270091277797,16,APAC,Startup,54.457161871871214,64.95812314534946
CUST_00383,84.73879305713737,13,3,39,52,97.53431334790706,48,US-East,Startup,55.307624013873586,96.3813124412033
CUST_00384,55.18771364211857,1,1,7,57,22.936577703767234,19,APAC,Startup,61.3181492545005,28.597560427819502
CUST_00385,98.53038322872855,7,7,40,55,15.55714368693023,10,US-West,SMB,17.992448030529523,95.89927883211017
CUST_00386,25.646306101676597,16,3,13,35,21.050693966534297,21,US-West,Startup,50.706685364397806,87.02004584825714
CUST_00387,98.67291015008487,1,6,11,45,80.38048904834751,4,APAC,SMB,61.32536031228389,80.85838206164065
CUST_00388,31.168982851504147,11,6,17,64,45.958405721362304,30,US-East,SMB,69.60018897934526,79.31599788047765
CUST_00389,45.8431424131438,12,8,48,17,66.72123371941811,39,EU,Startup,30.01448733328981,100.0
CUST_00390,12.63564813145106,12,0,32,8,94.0419207300747,25,APAC,Enterprise,69.02662183533484,42.980958071579266
CUST_00391,49.25690707532976,11,5,19,59,36.14037790671863,34,EU,Startup,45.44988710003076,88.32717740229528
CUST_00392,76.24469586748684,7,0,49,5,56.77273179310546,25,APAC,Startup,46.75504713023372,69.95685085752302
CUST_00393,93.23227582288776,12,5,38,52,27.86430631150364,27,APAC,SMB,6.2711420492150225,100.0
CUST_00394,60.38509825402779,5,7,55,71,37.11695160195314,5,EU,Startup,61.28160478714022,78.37921347280255
CUST_00395,33.748032567489815,4,3,25,40,25.264603062128664,20,US-West,Enterprise,56.058801568410445,55.12316487977131
CUST_00396,62.34778305192964,9,1,49,19,37.65302877892983,16,EU,Enterprise,47.375603151299714,57.50064265975538
CUST_00397,9.37765262570165,7,1,27,22,29.14609134937939,7,EU,SMB,73.28014595846098,49.97271157722078
CUST_00398,76.04243116824718,16,6,13,81,17.070836331248017,20,EU,Enterprise,21.71681638371983,100.0
CUST_00399,46.83301859338135,11,4,23,51,27.847072892755232,8,EU,Startup,45.90268016189532,83.04018774290755
CUST_00400,44.903876793012586,8,0,45,77,91.49658650779686,7,US-East,Startup,65.65737700656136,38.796284572546085
CUST_00401,80.14457762229537,18,6,43,16,21.078144935468824,28,APAC,SMB,23.538557823531782,100.0
CUST_00402,36.588580955688045,5,4,45,63,43.1112405097005,7,EU,Enterprise,54.75178791366137,63.31604583750906
CUST_00403,33.220557094732165,1,7,19,27,59.72924203534693,5,US-West,SMB,46.32061464796739,76.75222857717145
CUST_00404,94.71614629002478,18,3,4,85,27.746467972495402,42,US-West,Enterprise,28.895261056684785,91.22095852374153
CUST_00405,70.62461625552622,13,2,58,55,44.27981365437375,0,APAC,SMB,49.99219017492665,82.6910390153537
CUST_00406,92.8630562115394,11,8,47,15,71.01326405645374,30,US-West,SMB,28.89516724134525,100.0
CUST_00407,6.0096410378170155,8,9,20,63,27.304061932780677,18,US-West,Startup,46.253551770323625,99.63227994656042
CUST_00408,88.45868882296138,19,6,4,86,29.88571352590308,47,US-West,Startup,21.60010876672031,100.0
CUST_00409,34.2107620863594,19,0,52,85,17.334305297528086,32,US-West,SMB,59.56981046971897,65.36401907413256
CUST_00410,13.70894580787565,14,8,21,87,11.658307455569672,4,APAC,Startup,46.57548445730232,95.70053725528071
CUST_00411,1.5176882286826898,17,4,28,85,52.314302069716526,2,APAC,Enterprise,79.06729137911225,61.388199788410134
CUST_00412,8.273403962367077,10,4,58,52,46.398169816688736,44,EU,SMB,50.03186788648226,67.6379755894033
CUST_00413,73.88666771330327,18,6,26,76,56.79742973160805,27,EU,SMB,37.09386793684212,100.0
CUST_00414,5.034952696935324,19,8,12,0,45.79289944340279,39,US-East,Startup,40.65810350840234,100.0
CUST_00415,68.87625408113654,9,4,15,80,7.6439861039447665,34,EU,Enterprise,32.61208600540825,66.92974344749386
CUST_00416,32.8179482797612,12,0,38,80,35.833465667167374,44,EU,Enterprise,61.018046782056764,54.90020829720378
CUST_00417,57.64724375577539,12,0,31,34,1.6756304492382412,4,US-East,SMB,47.9614103399037,69.67028508480166
CUST_00418,3.2659060784495875,4,9,20,5,16.121881197512256,49,US-West,SMB,50.77835257198793,84.96804713387894
CUST_00419,6.845045256601678,11,6,15,18,77.35721017307203,46,EU,Startup,53.38475525334095,85.48949707413693
CUST_00420,40.320775613325225,15,7,24,60,43.817671666635526,6,APAC,Enterprise,39.824249399816956,100.0
CUST_00421,53.1661023764483,13,4,48,78,39.525931543115775,3,APAC,SMB,46.10841695808939,85.34557109961099
CUST_00422,15.628370954977623,12,1,31,2,23.1380636376848,23,EU,Startup,64.02269423240736,58.1962432427989
CUST_00423,37.96167644516702,15,2,30,73,31.48258293516488,49,APAC,SMB,47.95355455148473,88.88108213627105
CUST_00424,82.4471517604549,12,6,5,5,94.3174822961285,45,US-West,SMB,38.70605961369277,100.0
CUST_00425,84.42123252861431,7,9,32,72,30.8468281489484,19,EU,Startup,38.47999167010458,100.0
CUST_00426,82.8488133895241,10,0,32,3,32.43458076950557,16,US-West,SMB,31.821713492670945,83.78280413959544
CUST_00427,44.057352801230735,0,3,22,10,45.44031544799528,41,EU,SMB,59.833186669241265,44.22904417554753
CUST_00428,68.80455570741289,16,8,9,22,6.569211648965922,46,EU,SMB,20.596882448867643,100.0
CUST_00429,77.62904775159478,1,7,48,24,79.72110725787628,41,EU,Startup,45.32676044341782,77.52383471179127
CUST_00430,1.6592480632597884,13,2,52,47,16.301911381488623,34,US-West,Enterprise,68.3598860420346,55.445174664107626
CUST_00431,30.46023557741905,16,1,12,41,92.69163463311081,10,EU,Enterprise,61.33303570770101,73.3045129717098
CUST_00432,73.11573444549173,15,5,57,46,24.787335872842363,41,EU,SMB,16.371367012829577,100.0
CUST_00433,54.41986625037022,14,7,7,62,37.47219705073764,45,EU,Enterprise,28.97554476593713,100.0
CUST_00434,31.755457986950177,3,4,8,68,8.99162448597023,35,APAC,Enterprise,41.16749607263287,44.03422647544571
CUST_00435,8.352491468001876,15,9,7,51,49.25353807142893,36,EU,SMB,48.31952851195709,100.0
CUST_00436,55.276236803358316,12,9,21,63,29.639200687528344,28,APAC,SMB,32.722105959931845,100.0
CUST_00437,40.84555814084826,15,1,5,53,3.4672704226066386,44,EU,SMB,60.00755616107579,67.71473709060542
CUST_00438,97.60326986002038,3,5,52,51,31.191190553670523,8,US-West,Startup,35.356283974253486,69.08595648744634
CUST_00439,79.05205102716735,19,8,32,3,10.559154597664,4,US-East,SMB,18.13609496011223,100.0
CUST_00440,67.12708252291326,11,1,13,41,44.45282530501596,30,US-East,Enterprise,55.732036049060966,80.26794526206871
CUST_00441,86.61015453778347,18,4,32,65,43.43614981412177,9,US-East,SMB,15.921656235757833,100.0
CUST_00442,2.353249441409877,10,7,1,10,55.619069263001165,3,APAC,Startup,60.692772403716575,100.0
CUST_00443,47.09500587725145,10,0,47,52,76.53633638580408,1,EU,SMB,67.9878488099235,73.65779477988997
CUST_00444,28.783129885160584,17,2,12,66,67.64837495206044,48,APAC,Enterprise,50.34962373400604,75.42228688833583
CUST_00445,46.406668940450466,9,7,33,76,66.11406784286964,41,US-East,SMB,62.00932716826523,78.76248230165112
CUST_00446,12.200741357688905,17,8,16,33,18.345240115022932,24,APAC,SMB,38.951352613433166,100.0
CUST_00447,1.3682414760681105,1,3,39,59,77.74554671823856,35,EU,Enterprise,77.64293370520457,20.666834728486037
CUST_00448,96.53027236303998,14,4,28,83,56.39195667556237,23,US-East,SMB,47.117699772317366,85.48149859586802
CUST_00449,12.74856801402462,1,9,12,21,14.328145870264109,35,US-East,SMB,36.55321619838895,80.3054141428152
CUST_00450,58.11954237209566,12,4,4,20,63.3711599765529,13,APAC,Enterprise,39.42603914466902,91.77309882473537
CUST_00451,66.50559890066312,13,6,46,31,81.34344823242641,16,APAC,Startup,34.29794307504416,100.0
CUST_00452,72.89392001051573,13,0,53,30,32.27265727266384,27,EU,Startup,56.1747096797109,76.08724398166284
CUST_00453,89.87878897373477,5,8,31,21,66.62678614790384,4,EU,Enterprise,21.29129951977407,100.0
CUST_00454,31.491844458889574,10,6,47,53,44.41035569066186,28,EU,SMB,52.260259704747995,91.89069368912598
CUST_00455,47.646127123939955,0,0,2,28,85.95563969179368,7,EU,Startup,64.87652389454601,24.283353662811578
CUST_00456,66.66170848793723,11,3,45,19,75.34721106595967,3,US-East,Enterprise,48.33241417454633,85.11079002834909
CUST_00457,28.454138567693377,19,4,45,85,23.2541331620855,7,EU,Enterprise,50.16282991394742,85.35051985567416
CUST_00458,54.137442090743825,19,7,19,38,97.54730283140218,14,US-West,SMB,25.601257546952425,100.0
CUST_00459,82.00675020556494,5,1,43,18,68.93104121026903,45,APAC,Enterprise,68.33773045590848,70.71773796786813
CUST_00460,97.7031676545176,7,3,54,46,36.482247020779866,10,APAC,Startup,50.1684084026228,87.28846023528948
CUST_00461,94.15768527339338,4,4,24,79,5.688139777764656,24,APAC,SMB,37.30632279143978,79.07379567645245
CUST_00462,62.81195312435718,16,6,46,10,37.00245241428159,40,APAC,Startup,25.01281820657382,100.0
CUST_00463,96.93218122841789,18,0,36,13,16.19230066322137,29,US-West,SMB,17.51938862553259,100.0
CUST_00464,94.1048260038377,12,7,25,50,0.01865281706631139,46,US-West,SMB,15.162838780001827,100.0
CUST_00465,45.53831354806076,9,6,22,80,95.45659288588108,40,APAC,Enterprise,55.96048052688067,75.80886997171369
CUST_00466,11.120874733821873,19,0,1,52,67.56213095982433,3,US-West,Enterprise,57.19414186177268,73.50384068879582
CUST_00467,4.196407344363429,17,8,35,7,34.54808537234457,18,EU,Startup,44.69844886075175,99.54050614675994
CUST_00468,59.277094087018476,17,2,47,58,37.154651131987436,36,APAC,SMB,50.545961862051314,100.0
CUST_00469,8.01867568121133,10,1,44,11,82.86529061182893,17,US-East,Enterprise,60.02186487862635,47.266381294865425
CUST_00470,32.309970166633725,12,5,6,43,4.028551877799846,21,US-West,Enterprise,20.43772970265086,78.00056892453631
CUST_00471,1.0493641139944443,9,0,10,11,95.05328209544089,26,APAC,Startup,85.00157067378436,37.87181415783497
CUST_00472,22.669065207492366,10,4,15,1,64.39565794476135,43,EU,SMB,56.32507479865934,72.06763375068311
CUST_00473,38.32153659472517,4,9,33,58,19.688787177568358,10,US-East,SMB,51.415265619696946,95.37932034874231
CUST_00474,79.97833644457833,1,5,42,24,44.53865259778722,20,US-West,Startup,50.50980331647237,71.60909578405919
CUST_00475,60.50895185405384,18,6,49,8,2.1021106726217154,21,US-West,Enterprise,24.81784302235951,100.0
CUST_00476,52.34013709220082,9,6,58,14,62.5329959704233,46,US-East,Startup,49.08911790887734,89.13671514478158
CUST_00477,59.800911732874965,11,5,13,18,88.35647283701904,7,APAC,Startup,45.03550695863422,97.74320883933775
CUST_00478,6.20414169565543,12,7,23,15,56.6018424887821,47,US-East,Enterprise,46.40330390887669,86.53592459810929
CUST_00479,91.75430096537447,6,5,34,40,90.27637879645087,48,EU,SMB,41.89693284021872,90.16942907205672
CUST_00480,45.42783967898225,16,8,50,11,98.40315142791302,25,APAC,Enterprise,48.632026598953836,100.0
CUST_00481,5.9105820875654524,5,4,43,24,14.255655503311559,12,EU,Startup,58.339770466406485,48.45778037477629
CUST_00482,67.04343337969175,18,7,27,31,48.96440760320326,39,APAC,SMB,39.408435254989676,100.0
CUST_00483,98.85399870457067,15,2,26,7,54.98641783643981,23,US-East,Enterprise,21.396121920313774,92.76810618983629
CUST_00484,9.696567096542474,17,1,2,73,54.69288759854769,49,US-East,SMB,78.39962984177151,59.12016701954269
CUST_00485,62.774541489733636,10,2,35,52,68.72955625825176,13,US-East,Enterprise,50.31654786642022,75.93624198196453
CUST_00486,40.96728692925191,18,1,12,54,27.26506473124847,32,US-East,SMB,54.24727427648061,85.04199588545116
CUST_00487,5.961732534465902,2,1,35,39,54.858841505468845,12,US-West,Startup,89.67765420821662,38.99867397613616
CUST_00488,39.600096638561524,13,7,44,54,94.92731062456168,20,US-East,Enterprise,43.054517945976514,100.0
CUST_00489,35.43771829861353,18,6,43,22,58.902009098091156,12,US-East,Enterprise,56.478302706925874,100.0
CUST_00490,47.173983751843906,12,1,24,46,2.5199094821069634,41,EU,SMB,43.17382398733996,66.32966849769083
CUST_00491,33.056100230629085,12,8,31,20,73.50251861898234,47,APAC,Enterprise,44.398280258202384,99.06742046099086
CUST_00492,91.19595841996332,16,8,2,24,31.904507433223984,40,US-West,SMB,0.6261111439370737,100.0
CUST_00493,2.394626527048349,13,1,40,2,17.440926711149952,34,APAC,Enterprise,48.30423111776591,71.5643920334483
CUST_00494,25.361277085970823,0,3,25,44,49.45211251204079,42,US-East,Startup,53.32758305784897,41.82182938300272
CUST_00495,80.8394882304023,15,5,51,72,57.21229637222063,18,APAC,Startup,36.29538752913587,100.0
CUST_00496,38.4732576507445,12,5,21,69,61.54207798208354,47,US-West,SMB,61.64170479697375,77.6325706223607
CUST_00497,71.48995340913137,17,7,52,72,60.48394293625812,3,US-East,SMB,50.79480979334643,100.0
CUST_00498,93.27529390603132,15,2,57,51,70.70152942725908,4,US-West,Enterprise,60.30556811955106,100.0
CUST_00499,93.17404033165082,9,9,31,7,63.84887847991355,45,APAC,Enterprise,7.542786812461337,100.0
CUST_00500,76.00055449620984,1,5,56,59,20.969027743020085,39,US-East,Startup,32.79181288137611,54.59984714191326
CUST_00501,15.137117126327492,17,3,44,54,13.07173235897573,1,APAC,SMB,51.770065065854105,85.0823853566317
CUST_00502,72.6111259344637,2,9,35,81,20.658101622178084,19,EU,Startup,35.122147008071785,94.37613232964516
CUST_00503,52.34071850674719,15,7,41,67,79.50580176061311,43,US-East,Startup,32.19177616852852,100.0
CUST_00504,26.741527847210765,18,7,18,79,80.8826323491684,41,EU,Startup,61.76119655695022,100.0
CUST_00505,78.5083657239757,3,8,6,23,9.750769246387526,5,US-East,SMB,21.01614184270052,100.0
CUST_00506,64.57250433510536,18,1,28,2,17.712714419825403,13,US-West,Startup,25.266343428203456,96.42651707579452
CUST_00507,75.18251459566811,7,2,20,85,85.85064545515544,8,APAC,SMB,62.4125185630877,62.915261095142036
CUST_00508,25.2314736135153,2,5,45,6,71.74649906119122,26,EU,Enterprise,61.47699939577214,58.59349816104608
CUST_00509,82.05521392557188,9,4,33,49,40.17931351094245,36,EU,Enterprise,66.61223201575872,89.487527361774
CUST_00510,98.12415974554621,2,3,47,61,40.22237348471124,13,EU,Startup,59.92805521658538,72.65240235396696
CUST_00511,87.92795561570067,19,6,18,49,30.630099688753752,49,APAC,Startup,35.217847925746725,100.0
CUST_00512,24.879178873917706,14,8,34,87,97.75899603450432,31,US-East,SMB,62.13855931430947,87.26422701535996
CUST_00513,16.74597445179885,6,6,31,63,50.77578381885688,37,US-West,Enterprise,62.53231569881836,60.298687881449354
CUST_00514,45.12666140731144,19,4,53,21,19.571264009964906,15,EU,Enterprise,39.8622295192489,100.0
CUST_00515,27.686996949201227,1,3,21,38,32.08545427498436,5,US-East,Startup,73.79290303724744,36.24593691229446
CUST_00516,5.4732706924985886,7,8,5,41,21.963492859456903,8,US-West,SMB,61.75777621082154,100.0
CUST_00517,82.22281125770105,5,0,18,70,92.88079606878853,32,US-East,SMB,54.40905255825468,57.13449782871645
CUST_00518,7.300359289962732,0,9,41,54,3.5590230806476386,5,US-West,SMB,55.86385262336898,60.42930093256237
CUST_00519,27.450667350707825,16,7,18,53,34.124444975772064,36,US-East,Startup,54.44048794834541,100.0
CUST_00520,77.31835012587582,18,9,34,57,3.7697724914852793,6,APAC,SMB,23.140783943629902,100.0
CUST_00521,24.860488461330633,0,3,46,48,85.75306077519237,42,US-East,Startup,79.15915102360017,20.768835855974096
CUST_00522,32.588134261579036,9,2,56,50,1.8275069723506232,19,APAC,Startup,44.35978960635856,51.58706747915863
CUST_00523,18.492029746714433,2,5,11,83,80.78656456839812,40,US-West,SMB,89.27296313213554,46.09010437489136
CUST_00524,29.765027756828044,16,5,14,86,16.428684327240926,45,EU,Startup,52.7657208471856,94.07561758819475
CUST_00525,32.62821515689465,1,2,50,0,82.12501545597043,28,APAC,Startup,84.62856963209715,40.070097879334966
CUST_00526,85.39428821418528,7,9,16,64,83.64209229856395,42,APAC,Startup,42.06325535951947,100.0
CUST_00527,87.84158630449616,12,3,14,77,44.545292973428786,31,US-East,Enterprise,34.951442899746624,92.30347092042243
CUST_00528,50.33451306061541,5,5,32,83,66.33625340146814,46,US-West,SMB,53.735101717943614,65.94844258520207
CUST_00529,41.35165302899592,12,6,15,43,96.96159389043379,32,US-East,SMB,60.161786112671166,93.9499171500169
CUST_00530,76.35158436682123,0,6,38,79,77.5234538899056,25,US-East,SMB,64.81254219189415,76.27700774703388
CUST_00531,45.02824838315258,8,6,7,2,82.59409191119182,30,APAC,SMB,36.68668724113772,81.59602259776015
CUST_00532,35.59577734706405,6,9,34,29,81.43839206690815,16,EU,SMB,56.49143068171436,94.52574473505504
CUST_00533,56.43953803389896,11,7,16,40,52.6082518417403,26,EU,SMB,33.074744342503266,100.0
CUST_00534,47.25154428195852,3,1,7,12,34.29296627591959,22,US-West,Enterprise,50.554318159341506,43.555588470308535
CUST_00535,85.3654548941112,4,4,38,40,8.058081228651359,39,APAC,Enterprise,41.7471509448345,63.429760028303754
CUST_00536,84.89238694760728,8,3,17,16,16.169455327398687,47,US-East,Enterprise,51.84836508683249,89.32425864374702
CUST_00537,44.37713390922451,9,0,18,41,16.62293620516587,36,US-West,Enterprise,43.423125060123404,54.81679875160835
CUST_00538,11.49063433619103,3,1,59,19,58.31278234528693,46,US-East,Startup,70.74644467660558,17.812780684277016
CUST_00539,74.39051873021519,19,9,25,25,34.2132600111895,27,EU,SMB,30.649399947042102,100.0
CUST_00540,91.72205918248628,18,0,44,32,43.08582753822707,2,EU,Enterprise,47.25755043557008,94.55046619905038
CUST_00541,60.13840706885634,13,3,16,23,84.50396488966425,0,APAC,SMB,47.839799381728554,85.04622357589817
CUST_00542,58.34215190184351,6,5,16,19,18.641980485397458,40,US-West,Startup,38.73448444133721,78.59113130102266
CUST_00543,48.46895169363074,12,3,3,51,53.13568317526952,25,US-West,Enterprise,52.20531368042939,82.70069011320675
CUST_00544,89.79552161850192,11,0,13,77,25.217287749552998,33,APAC,SMB,48.76870012829382,84.59317376529006
CUST_00545,2.208584530117974,14,6,17,47,55.066045923656425,19,APAC,SMB,77.72541941932587,86.14266599965937
CUST_00546,57.356328002671,1,5,13,63,17.841609656349576,17,US-West,Enterprise,63.99938309058373,54.22787812361618
CUST_00547,39.363552027744205,6,2,6,83,86.96496848121713,42,US-East,Startup,71.34532194429354,40.91835732766143
CUST_00548,27.412036381920068,2,9,5,22,78.90228445481343,8,US-East,SMB,45.23638960051902,85.45863719553144
CUST_00549,4.149732550990636,10,5,8,87,73.87435096159302,13,US-West,Startup,81.86763008710811,54.79902417808941
CUST_00550,25.89042747931396,8,9,58,16,12.130299800553413,30,APAC,SMB,65.30211626215535,100.0
CUST_00551,16.625533034970065,9,4,22,3,58.268614655458286,18,US-West,SMB,57.972463701899265,72.36151836799547
CUST_00552,19.202336913634454,18,8,12,72,40.788960850728,10,US-East,Enterprise,51.30918289700596,100.0
CUST_00553,38.55535644013138,13,5,50,84,80.51168513161777,43,APAC,Startup,65.61802318887088,83.33696145518202
CUST_00554,50.23718199720955,0,9,38,37,3.671294348306664,43,US-West,SMB,51.52573422759018,77.48214689542866
CUST_00555,4.966149145971888,18,1,38,23,32.46091685101615,7,US-East,SMB,46.58123125048958,69.12411293732545
CUST_00556,45.757533225043176,0,1,56,56,45.68178045561352,11,US-West,Enterprise,62.37437489445481,23.735930525789726
CUST_00557,76.87471313625129,9,9,25,74,79.19356229637641,39,US-East,SMB,42.12594698493552,100.0
CUST_00558,26.240837648930192,0,4,34,83,44.907851413487585,49,US-West,Enterprise,86.21606453728651,25.411484499170832
CUST_00559,88.48079470306509,9,6,52,48,96.62742977481858,25,APAC,Enterprise,46.955199460855845,100.0
CUST_00560,28.520580268041407,18,1,37,18,20.146392105353293,15,US-East,Enterprise,52.33524989287428,80.5100969901975
CUST_00561,48.56342984133404,15,4,26,29,6.3879767430902845,18,EU,SMB,47.06351626861,93.32639813275996
CUST_00562,51.47421937567799,11,1,11,27,53.282703740139425,36,US-East,Startup,46.219568911703604,69.4159860823037
CUST_00563,93.2566708705961,11,6,40,59,80.20382702828685,14,US-West,Enterprise,43.19290173230518,100.0
CUST_00564,27.155045517748565,13,1,15,6,76.04000672874827,31,APAC,Enterprise,68.2575895785234,56.887449425207
CUST_00565,37.2999835566863,3,9,37,22,32.61702541282535,47,EU,Enterprise,42.29755776984136,74.92497779950956
CUST_00566,13.035313004326554,15,3,40,79,80.85705341473903,41,US-East,Enterprise,68.48031698814559,66.67222474857562
CUST_00567,8.670656759564022,11,4,54,53,62.11863221940832,34,US-West,SMB,54.680393553263926,78.44876416401591
CUST_00568,27.556677630917846,0,6,56,71,92.36648375496527,9,US-West,Startup,65.60762020313953,37.011373149371344
CUST_00569,20.348799455531253,3,1,16,35,97.66176373150091,11,US-East,Enterprise,85.30807484659624,21.3195689175562
CUST_00570,85.05042283285971,10,2,57,77,39.37551415654067,40,APAC,SMB,44.13325596223109,70.87918130249595
CUST_00571,92.4309567052558,19,4,34,0,16.80200521926786,25,US-West,Startup,20.02188937511844,100.0
CUST_00572,1.666047124421599,5,6,22,3,70.109758736427,8,US-East,Startup,48.116462046478816,70.43325555770848
CUST_00573,79.73943579077786,14,7,48,50,51.44896023120388,23,US-East,Startup,11.586897589110531,100.0
CUST_00574,71.73627530363669,3,3,3,85,68.91210904957582,49,US-East,Startup,61.96189647437628,63.37993836134403
CUST_00575,3.0415880807967977,3,9,23,52,6.2205091525690985,22,EU,Enterprise,56.94888638408317,75.10317211121355
CUST_00576,46.94068419892581,12,2,30,44,19.26763964867003,35,US-East,Startup,59.27170574668213,67.13345365155266
CUST_00577,0.9543353067226645,3,1,2,68,0.7142081768245045,31,US-East,SMB,61.728979301058054,19.64450985512076
CUST_00578,46.03553731348269,5,2,21,7,12.464742899281333,48,US-East,Enterprise,41.64545304197766,52.38317683237678
CUST_00579,2.1846711986201806,4,9,57,61,46.77206159711509,39,APAC,SMB,59.344154823826585,72.10965081462707
CUST_00580,1.0513224541653488,13,7,33,61,43.28399210571723,48,EU,SMB,67.29004168091404,87.38730801427674
CUST_00581,48.74063031008076,15,7,46,86,5.050739238280655,37,US-West,Enterprise,42.47199402974501,97.43755335413282
CUST_00582,27.90082903477966,0,0,45,2,82.05917893241481,34,EU,Enterprise,79.17926731918352,1.6282768589377525
CUST_00583,86.96813233436627,15,6,6,76,34.71921675622119,8,EU,SMB,30.312817315526857,100.0
CUST_00584,44.99436742688596,3,2,17,68,99.54215129254561,6,US-East,SMB,50.71345042268581,48.30622360566368
CUST_00585,12.922380010274937,11,3,24,28,22.72610535596623,23,US-East,Startup,58.23508811608019,81.77835600166894
CUST_00586,61.13416562477262,16,7,11,22,38.451581370626656,14,EU,SMB,30.103794123795673,100.0
CUST_00587,79.66448690151381,12,3,1,84,22.43829797997955,0,APAC,SMB,38.504879343609446,80.98732369610943
CUST_00588,18.20631288818554,17,1,59,38,87.25199518293624,17,US-West,SMB,66.66438566888075,80.9557568422005
CUST_00589,37.20435678122074,17,5,59,8,86.70601823789474,45,US-West,Enterprise,48.618896461898125,100.0
CUST_00590,51.3955446690708,3,6,20,63,44.3439102836044,11,EU,Startup,52.30641584588794,65.73487676028505
CUST_00591,11.953086954707782,5,6,4,78,38.628770514554525,0,US-West,SMB,67.6963196728493,59.82248006224134
CUST_00592,76.3856500200214,6,1,2,73,52.249680889058844,43,APAC,Startup,69.46556756035763,62.56978999512806
CUST_00593,8.857833963664408,1,5,50,44,73.95811772217426,33,EU,Startup,72.64586427135482,54.141007114882775
CUST_00594,13.3778144993968,9,2,3,75,48.35498507903691,16,APAC,SMB,79.63415239820239,64.9179283917021
CUST_00595,28.972798373821462,16,3,6,82,41.1144336479987,9,US-East,SMB,57.8203210227386,76.89944912843626
CUST_00596,97.64565294354102,2,2,4,39,71.6606298960031,34,APAC,Enterprise,51.74898657649423,47.36031906736214
CUST_00597,85.8322938878858,13,5,17,35,31.283419752422002,34,APAC,Startup,24.19797700488949,100.0
CUST_00598,86.62328702676703,14,6,3,59,44.63263599865612,23,US-West,Enterprise,44.961043441794395,100.0
CUST_00599,39.67893254145842,15,2,3,4,51.827972068871105,6,APAC,SMB,49.311843778118586,75.04924250055468
CUST_00600,44.46276579139047,10,6,45,65,92.96496077013283,31,APAC,Enterprise,53.85809833883334,88.03859732408411
CUST_00601,55.39794872200806,6,0,45,10,16.355379453018738,22,US-West,SMB,53.60426708999928,48.29673665103106
CUST_00602,62.840695764098975,14,0,29,71,57.73534012196677,32,EU,SMB,73.64216301554993,48.405498493994116
CUST_00603,63.89630219732846,4,2,31,63,54.54279502117131,41,US-West,Startup,57.65247545367647,50.329173788866754
CUST_00604,48.854246644025714,1,8,16,58,91.06649953838884,27,APAC,Enterprise,62.27498012746002,75.80850490543054
CUST_00605,7.527871665167362,12,9,7,41,89.94125221673252,37,US-East,Startup,69.07126190698685,98.1856799244059
CUST_00606,45.39261364217959,15,2,9,63,27.509888155912442,38,US-East,SMB,54.16746424257876,77.12092701778147
CUST_00607,69.66889878731969,0,4,39,45,2.164556134698359,35,US-East,Startup,53.0470661544588,65.20955349725628
CUST_00608,12.83499266146948,6,0,25,42,43.91306608048505,2,US-West,Enterprise,71.39255446290286,30.25453084161726
CUST_00609,45.93436555939564,4,8,2,33,46.90249397178835,30,US-West,Enterprise,34.30907279361391,94.45434060824746
CUST_00610,6.605530782216007,5,0,3,73,66.18107285744247,25,US-West,Startup,95.1438722951086,31.485499932908834
CUST_00611,26.814322961192083,7,4,15,15,3.979712733565255,36,US-East,Startup,54.093988636900114,61.40134240508107
CUST_00612,49.39791491401879,1,5,27,37,50.104023698460345,37,APAC,SMB,60.354810988511524,47.10986860468266
CUST_00613,10.187876413955655,18,5,21,63,72.07251120266788,7,US-East,Enterprise,57.07950010930183,100.0
CUST_00614,54.647636102537646,14,9,10,28,72.74523912861206,35,US-West,Startup,31.800116550623244,100.0
CUST_00615,58.77984493716848,7,5,28,47,57.27702766869458,13,US-East,Startup,50.38405424946585,83.45026851942224
CUST_00616,83.839963809219,7,6,29,4,89.31137413224725,41,US-West,SMB,31.15219342491222,98.00026600397341
CUST_00617,67.61957463565392,0,6,10,41,18.410132336095696,2,US-East,SMB,30.257899973648044,76.05287445797138
CUST_00618,7.079143601117444,17,6,2,75,67.283168992043,19,US-East,Enterprise,55.60703494812503,99.28021765969622
CUST_00619,31.416206383697208,0,4,52,2,71.22202051771586,10,US-East,SMB,69.06670698430943,39.43505190183767
CUST_00620,48.35745857038675,9,2,24,27,22.228276663858527,39,US-West,Startup,53.831213782343134,59.21455885951366
CUST_00621,15.67604286516393,1,0,15,89,30.946257644618235,42,APAC,Startup,80.70239073235103,20.15555177609358
CUST_00622,87.87465236769299,0,4,48,78,20.562148769934108,6,US-East,Enterprise,52.89505641657839,46.05939592182707
CUST_00623,30.158686987355154,2,5,36,54,10.466044034648114,18,US-West,Startup,54.44799668909635,56.20797181808203
CUST_00624,73.36428403644484,4,4,36,35,8.678295406499048,17,US-West,SMB,56.008893414386215,61.33780459793722
CUST_00625,67.7124263482564,11,6,47,38,10.27682426497818,25,EU,Startup,43.65397216234723,100.0
CUST_00626,83.23910417019079,13,0,37,1,69.17776391419824,45,US-West,Startup,62.00087327204272,80.2199372824462
CUST_00627,13.180682989667936,18,3,2,40,78.06993041716287,36,US-East,Startup,57.61791043429463,96.11542399030424
CUST_00628,21.774870483402196,11,2,5,80,9.834492159021313,31,US-East,SMB,65.64483157824995,60.29571800067325
CUST_00629,26.799726688437797,17,8,15,5,71.93881555748203,28,US-West,Enterprise,28.828418732146133,100.0
CUST_00630,9.555910395833521,6,2,51,61,17.39608876962255,37,US-East,Enterprise,76.811233300574,34.62944519694083
CUST_00631,21.143125799891116,3,6,14,51,91.58143481907439,43,US-East,Startup,76.25662700863377,70.05907905266665
CUST_00632,34.43080333199593,9,0,3,29,21.320393138913506,28,US-West,Enterprise,53.73077995961043,59.023400508615865
CUST_00633,34.22255247789045,2,3,25,50,16.653851349727,43,EU,SMB,74.35873679056832,50.492209803693285
CUST_00634,24.370821190434267,12,4,58,43,61.114152321124614,42,US-West,Startup,71.29317757744045,71.36013261588353
CUST_00635,12.781184436038274,2,2,26,56,81.60567571143235,5,US-West,Enterprise,85.02429676841209,39.55494981726057
CUST_00636,71.49528235517771,10,6,34,89,15.441575753921299,35,US-West,Startup,38.76600460203692,96.58738510492282
CUST_00637,73.60354004260655,7,1,57,72,19.234636315391505,39,EU,Startup,49.94791521672138,65.25336368294776
CUST_00638,0.8619002591780278,7,9,27,61,52.515389411162836,49,US-East,Enterprise,61.602634910661926,80.30511503073072
CUST_00639,44.26937019674359,18,0,47,15,81.31420044817254,25,US-West,Enterprise,48.264103088049914,73.72481325559514
CUST_00640,82.99395932124433,4,5,15,12,2.9169892290743293,42,US-West,Enterprise,26.547054056058297,60.93383784389999
CUST_00641,62.680263006484395,15,6,33,25,44.15039232811749,48,US-West,SMB,42.70828854924972,100.0
CUST_00642,45.113006979784146,17,8,8,73,8.167976486635398,28,US-West,SMB,42.531325819474134,100.0
CUST_00643,48.68282119412368,11,2,14,21,89.86677015526638,47,US-East,Enterprise,49.02887092338246,71.90727667791965
CUST_00644,44.68741952004389,8,3,2,24,92.65853832183811,33,US-West,Startup,57.14463038453726,61.54704899353112
CUST_00645,66.6407304694919,15,0,19,66,42.98446697431554,8,EU,Enterprise,56.158055919359015,64.98339426047856
CUST_00646,71.75613826485358,4,0,27,62,41.26782483791492,11,US-East,Startup,57.650322816934164,38.20329178202
CUST_00647,53.33083624587408,10,6,58,45,84.56420916244214,47,US-West,Enterprise,44.91324560129904,80.07503297370435
CUST_00648,1.9651482746847804,9,0,32,63,29.945772393425464,23,EU,SMB,71.41133663855204,35.404494022811306
CUST_00649,79.00832499714377,15,0,53,66,63.308512649623836,17,US-East,Enterprise,63.54763218844316,72.74826864749599
CUST_00650,40.03566268398306,9,5,55,43,48.38772645642591,44,US-West,Startup,64.79695274885609,88.38079693882727
CUST_00651,82.55348415204156,11,1,56,45,80.51192087546649,29,US-West,Startup,53.79931568969876,65.84266188165027
CUST_00652,57.579247112230966,13,4,51,59,4.458809273414399,22,EU,Startup,49.93600011979611,80.93921435828238
CUST_00653,4.951262970229353,4,4,58,4,95.33163722009606,20,US-West,SMB,70.60519331531872,26.769536152555826
CUST_00654,12.558210271016069,5,8,57,66,64.8256954077822,4,US-East,Enterprise,67.76586487325736,80.15809064372176
CUST_00655,96.23380574812069,11,4,34,21,26.623150149881024,46,APAC,Startup,32.16853289120947,95.32499276037676
CUST_00656,20.65344039720064,7,5,33,71,52.08821784475111,19,APAC,Enterprise,56.58459094156915,63.36121048376668
CUST_00657,85.3284798567202,6,8,46,87,7.907602097664812,43,APAC,SMB,40.555361581103085,92.52808185203723
CUST_00658,62.31378537478254,17,3,49,62,27.416403767230012,15,US-East,SMB,48.437771030794714,99.58344145722106
CUST_00659,86.65956885955035,4,6,16,89,70.03478888665695,22,US-East,Enterprise,54.40315200156905,88.82595718117152
CUST_00660,19.167131883027434,10,0,58,13,52.92674481435902,29,US-East,SMB,63.89654381854871,59.378106142924175
CUST_00661,49.03124894098283,13,0,39,17,58.790232489481454,31,EU,SMB,81.21133762832638,66.16605221611357
CUST_00662,79.39550847155907,4,1,20,24,10.68209929639906,9,APAC,SMB,41.99767838684226,59.0677499452012
CUST_00663,17.053804889822587,16,6,16,15,55.17123720199669,11,EU,Enterprise,57.76289098027485,93.03561814325053
CUST_00664,18.443519058426496,5,7,27,19,73.10103491394831,8,US-East,Startup,73.55515316245646,72.24975364918086
CUST_00665,56.37371014453995,5,1,47,78,46.26103032569784,13,EU,SMB,55.04861515409656,48.516536808931036
CUST_00666,42.888438939471015,9,0,14,35,8.193843903814614,47,EU,Enterprise,56.81726811145771,43.79077685865326
CUST_00667,32.15330088383408,19,1,46,17,91.46945603370571,8,EU,SMB,64.31215314581334,77.2129638924631
CUST_00668,11.36460386967194,2,0,48,86,11.515578740287037,14,EU,Enterprise,70.87075255564343,0.4844071694820826
CUST_00669,53.96617889031524,11,1,20,14,63.835006513073075,21,US-West,Startup,54.35399433218707,75.50110804179158
CUST_00670,46.637459450454855,1,7,29,10,78.31600290279029,49,US-East,Startup,53.49645180569894,71.84317576869802
CUST_00671,17.488393619486263,11,2,53,38,6.290747601802393,27,US-West,Startup,46.073645670648396,65.42332330468412
CUST_00672,99.56190596227067,15,5,21,59,92.31739886192648,31,APAC,SMB,30.958897043612797,100.0
CUST_00673,45.006417041575816,18,2,37,20,14.218137638735161,32,US-East,Startup,22.009554142896874,91.19565749822483
CUST_00674,15.953995668842358,5,5,14,66,88.24091864437885,11,EU,Enterprise,67.26987766663089,47.568060670435514
CUST_00675,21.011777594021453,6,0,32,69,29.7214113845096,5,APAC,SMB,68.57730480158541,28.12916117234855
CUST_00676,78.27456742513867,14,5,54,23,24.344261676541066,43,US-West,Startup,30.15467533009457,100.0
CUST_00677,76.72791775156301,9,1,14,81,78.89451239349268,7,APAC,Startup,49.32360146538151,62.62601274384399
CUST_00678,93.1659249759019,0,0,34,29,52.01946077238856,46,EU,SMB,42.47330310843378,29.380762369301735
CUST_00679,37.928339172754455,13,4,50,3,7.0405362402514164,43,APAC,Enterprise,52.448340611379116,75.93659927580713
CUST_00680,55.40992803958261,14,9,58,19,15.915908399382984,10,EU,Enterprise,8.228280083075706,100.0
CUST_00681,21.551285754776885,1,9,19,57,50.02905186781796,17,US-East,SMB,56.37354989714644,67.42285012057086
CUST_00682,8.613577154903629,18,6,55,78,33.74770457129719,39,EU,Startup,51.55196896937393,89.06344990669912
CUST_00683,91.76006962619002,14,0,48,9,47.29905936981527,21,US-West,SMB,36.94831528667856,97.60594731667597
CUST_00684,9.737672910800422,7,1,9,1,45.27543377087401,9,US-East,SMB,82.50138388359933,53.57868007800075
CUST_00685,36.45664275198644,14,5,44,18,50.888525517424576,0,APAC,Enterprise,36.224731088307266,100.0
CUST_00686,10.24963291892128,7,8,42,8,14.278563666788468,34,US-West,SMB,57.36851920961344,76.70190763516743
CUST_00687,31.1512299013986,10,7,39,34,77.79094067485369,37,APAC,SMB,55.11958919266468,100.0
CUST_00688,52.594657690145944,11,0,33,46,48.384997003322326,15,US-East,Enterprise,46.27378975378447,49.17505246247595
CUST_00689,56.19481099932393,4,9,6,12,54.574967977943565,46,APAC,SMB,39.97977940930372,100.0
CUST_00690,5.270978985343899,16,8,11,61,53.80946641211113,38,APAC,Enterprise,45.06191598442729,100.0
CUST_00691,18.993474366102003,3,7,35,76,67.2019762180535,37,APAC,Startup,65.66877525175045,71.07014349574648
CUST_00692,27.366638492145768,10,7,33,57,70.97370848010203,38,EU,Startup,51.43161679572156,88.2032494097088
CUST_00693,92.07708496360753,15,9,40,72,45.8204805252216,44,US-East,Enterprise,16.903582839933847,100.0
CUST_00694,54.15969227984869,17,7,15,32,83.0202884345762,11,APAC,SMB,27.86095884345618,100.0
CUST_00695,20.934839938409876,12,6,21,30,94.77695820321482,42,EU,Startup,68.86670552190738,100.0
CUST_00696,73.28774528838984,2,6,37,85,8.814224339079214,16,US-East,SMB,56.19969126351651,80.93008218936515
CUST_00697,44.29510107479327,13,7,23,63,88.24411913475817,28,APAC,Startup,57.48799275633115,100.0
CUST_00698,52.270945406760106,7,5,38,52,29.924841926016043,35,APAC,Startup,48.222320220802125,73.10371055378722
CUST_00699,39.60544774354668,8,6,42,47,38.55525014916693,24,US-West,SMB,59.20183899652862,87.03390736854487
CUST_00700,88.74416907524878,19,2,34,53,10.290508834200063,4,US-West,Startup,35.965586054641385,94.66746930560714
CUST_00701,94.1278928906798,11,4,28,69,56.2144753827585,4,US-East,SMB,46.32219547309933,93.57414081131974
CUST_00702,26.886154497900662,7,3,51,77,59.52768411040545,49,APAC,SMB,52.315935526201294,47.40414531551332
CUST_00703,4.959350822008613,16,5,23,45,60.06066291871826,24,APAC,SMB,48.991356694520164,94.0774989075785
CUST_00704,98.18971400352456,11,0,59,9,48.67510483523155,17,US-West,Startup,34.24245319391673,88.776696490544
CUST_00705,94.65985727783386,9,5,6,61,64.99520981658891,35,US-West,Enterprise,31.201601541368817,96.34958382030706
CUST_00706,72.75630354322007,2,1,53,63,1.0046981054831594,5,APAC,Startup,50.49743241217406,38.62594274677306
CUST_00707,42.43720260536347,16,0,12,9,70.59852660508184,0,APAC,Startup,42.57398453792984,59.67980706343695
CUST_00708,2.583897222001119,9,0,29,70,8.00634025289656,23,US-East,Enterprise,77.81078973394611,37.73934278830672
CUST_00709,85.45154359107495,9,4,39,87,78.28486179866574,11,EU,SMB,55.81221822338852,90.80142060502747
CUST_00710,20.941767082185425,10,1,39,67,21.17981498815027,1,US-East,Enterprise,65.83150451401448,50.13185770918792
CUST_00711,72.97705115736812,18,6,38,7,84.16154597578152,1,US-West,Enterprise,27.581176777889834,100.0
CUST_00712,22.043788489261395,6,2,6,28,6.134387448386802,1,US-East,Enterprise,46.28526091896948,51.87301253411089
CUST_00713,96.73281113534698,6,8,25,64,50.27834418466806,17,US-East,Enterprise,44.7067600062919,100.0
CUST_00714,48.37138323907132,0,3,3,81,2.589607024948515,30,US-East,Enterprise,56.99132989294371,36.5750720166355
CUST_00715,88.141033232325,16,5,25,1,57.693612334483966,4,US-East,Enterprise,31.270644001890805,100.0
CUST_00716,65.60013546531093,6,3,33,13,16.942240209324698,16,APAC,Enterprise,44.99788845937841,68.43948329098407
CUST_00717,37.04914370595142,2,8,19,65,73.9563248111268,9,EU,Enterprise,52.54894456377623,86.06655735122139
CUST_00718,4.914839034517704,12,8,14,23,69.51198159457674,48,US-West,Enterprise,45.93800251424142,100.0
CUST_00719,90.19095717488888,7,0,21,56,94.4463687882038,10,US-West,Startup,32.61902881887891,75.66453520351715
CUST_00720,81.85932303731079,3,7,12,42,19.535896084860838,26,US-West,Enterprise,29.92957328048734,94.83766798784558
CUST_00721,10.184726514238275,8,7,25,78,50.16991660064248,23,US-West,Startup,61.92153897787636,65.43431762836373
CUST_00722,54.08270639715397,13,3,58,75,7.111070821343679,11,EU,Startup,65.16793378174799,83.72820848268958
CUST_00723,66.57652402653673,17,8,58,55,33.799878102849,30,APAC,SMB,22.383758054171157,100.0
CUST_00724,75.63560547436343,2,5,3,55,26.766843719429755,14,US-West,Startup,56.55853163187693,61.6336466745405
CUST_00725,89.22379155381064,17,6,15,17,43.802179635032935,40,US-West,Startup,17.88332864455736,100.0
CUST_00726,25.119200460446724,5,9,5,10,55.971743592831345,0,US-East,Startup,44.92946740321072,100.0
CUST_00727,30.57561275123747,3,5,20,81,79.2692572849378,32,EU,Startup,80.61514559768415,55.295172722489
CUST_00728,57.13330049719286,15,7,13,23,87.44751032836425,1,US-East,Startup,61.571284743184705,100.0
CUST_00729,86.44029871943977,10,4,17,57,40.088213512791036,41,APAC,SMB,46.729433187721654,74.06703829382761
CUST_00730,79.01313737261083,13,9,30,31,56.18769562415131,31,US-East,SMB,19.655935466260537,100.0
CUST_00731,38.24844605825943,16,7,39,70,37.89559098125076,8,US-East,Enterprise,55.62129575506481,100.0
CUST_00732,26.71652625879899,18,3,40,44,9.85468514129424,40,US-West,Startup,31.56348890953737,87.22549419856779
CUST_00733,1.2577812486195383,5,2,48,6,46.86018101215098,15,US-East,SMB,65.8275926111999,51.410017663706384
CUST_00734,78.65834708315064,7,0,2,29,47.4102075842267,17,APAC,Enterprise,50.564376347801414,57.77429664770023
CUST_00735,56.31643884539549,12,1,59,87,93.84476404104076,32,EU,Enterprise,73.51186143087773,68.9681785504572
CUST_00736,85.34655532025532,9,0,42,84,43.38880484854795,46,US-East,Startup,59.26023849049142,45.29612883132492
CUST_00737,8.645750712015232,11,8,27,5,57.231518563007654,8,EU,SMB,39.6858024256936,90.46604113756905
CUST_00738,6.45007586865618,1,8,29,57,97.50871697076813,35,APAC,Enterprise,59.62094961734236,65.2024235723212
CUST_00739,87.00249255201656,15,5,12,79,80.6778142506314,37,US-West,SMB,39.55603136980988,100.0
CUST_00740,5.474498225959512,17,0,39,20,50.31335547483198,3,EU,Enterprise,55.09497602058232,52.62296317148901
CUST_00741,94.12146941206855,13,0,34,60,33.295661437141824,19,APAC,Startup,26.437759541686532,70.70293163071946
CUST_00742,28.557961623863637,15,0,49,12,57.98053451667962,27,EU,Startup,55.02728324621069,56.215713219506284
CUST_00743,81.81041683217484,8,9,8,20,56.48414367174266,49,APAC,SMB,19.967293252423293,100.0
CUST_00744,93.57492615245503,2,8,22,86,80.01526483917506,33,US-West,SMB,54.91716777138392,84.39417957278141
CUST_00745,12.44342079467552,0,4,8,47,85.2944203384293,14,US-West,Enterprise,86.53411008250076,36.49076510659543
CUST_00746,15.652921341574121,14,5,59,10,15.939488477140218,19,US-West,SMB,62.36835800865431,100.0
CUST_00747,74.52414861724412,8,2,31,41,30.98656494084847,5,US-West,Enterprise,57.36176976614737,59.12174288306102
CUST_00748,90.95866950537773,6,9,56,21,87.28302341533202,30,EU,Startup,35.57745122397981,100.0
CUST_00749,39.283907648140236,1,1,16,72,95.79793532488907,34,APAC,SMB,96.56543818598695,22.91912269877357
CUST_00750,32.86043394798427,8,1,38,53,76.87641807211604,27,US-West,SMB,70.29095377996603,42.18757399485858
CUST_00751,0.4884466020251943,13,5,12,44,84.19835280582262,34,EU,Enterprise,35.37170906127556,83.79473521844197
CUST_00752,93.00053777910726,14,1,49,53,11.16359293960616,39,EU,Startup,21.157563193967924,84.22743572222672
CUST_00753,76.2847902346479,11,5,17,16,80.11640671751586,8,US-East,Startup,14.488554585085957,98.0960092684716
CUST_00754,92.70041601014083,14,3,8,3,91.08342269897538,39,APAC,Startup,34.541913641534535,100.0
CUST_00755,3.9557506562613143,8,3,12,72,69.80705464034016,25,APAC,SMB,69.79778994842691,45.364403778809596
CUST_00756,12.875443736805547,18,0,13,76,31.725917435686757,1,US-West,Enterprise,44.6230038520514,61.93644707367201
CUST_00757,86.7152151001122,15,3,15,32,76.32949119972817,29,EU,SMB,43.77108874989649,97.47630250241058
CUST_00758,24.294536168704393,10,7,52,2,46.814194187073575,19,US-East,Enterprise,52.23065749357084,78.15638368019954
CUST_00759,70.26295764379158,10,0,51,32,96.89678620822997,11,US-West,Startup,44.51673946221132,72.53021897582055
CUST_00760,84.25545014651813,0,6,15,45,57.70640452257027,45,EU,Enterprise,60.20926603303397,55.77404404510138
CUST_00761,74.86721752509908,19,5,24,56,67.22826525131521,21,US-West,Enterprise,44.377486072145516,100.0
CUST_00762,84.25345083518016,4,6,25,7,15.737158334991042,47,US-East,SMB,35.58123369298696,94.6743173816247
CUST_00763,69.3876535321616,13,3,18,81,91.15768872630525,48,US-East,Startup,50.535935861332746,89.4621458485554
CUST_00764,39.19980438891485,4,6,19,56,38.718327415593436,14,EU,Enterprise,48.98838653090854,63.02759999599786
CUST_00765,80.59058425334413,6,9,2,22,50.42634607930315,20,US-West,Startup,40.18929109563154,100.0
CUST_00766,85.87520256091838,12,7,55,78,4.006908634826667,45,US-East,Startup,38.12025861046113,100.0
CUST_00767,83.61186155450426,17,4,20,24,78.39718505055895,24,US-West,SMB,31.45175970990261,100.0
CUST_00768,7.8327055149218445,2,3,32,48,79.52878490476843,16,US-East,Enterprise,89.32728422400527,34.25327864418712
CUST_00769,92.98704822938791,8,5,30,49,88.783792259288,1,US-West,Enterprise,48.75366388427977,92.17823915353718
CUST_00770,94.33101118741497,14,7,47,54,33.7817043321564,7,EU,Startup,14.693150421240624,100.0
CUST_00771,36.50475666926015,3,4,42,64,5.827530156057447,31,EU,Startup,60.466804605456744,59.36766213128108
CUST_00772,25.781087402333757,19,1,19,23,59.01274059265421,10,US-East,Startup,38.36492405925149,91.15805569030553
CUST_00773,9.093544991304114,19,0,17,43,30.960074508550008,36,APAC,Enterprise,63.4603329853138,66.51936657320327
CUST_00774,99.82340258287203,9,5,20,78,6.699109439584761,40,EU,SMB,38.61953162074111,92.6357995094167
CUST_00775,21.20448493829744,2,1,43,78,15.845244018076299,36,APAC,Startup,75.55343485115651,19.406451392682243
CUST_00776,90.74631763464255,7,5,24,50,41.0023786741743,29,US-West,Startup,26.48378829498732,89.58816124792727
CUST_00777,91.15912278061266,7,5,30,22,48.64423871418745,41,US-East,Startup,42.962872686357166,100.0
CUST_00778,26.481632177831884,2,7,32,5,50.56563574302194,20,US-East,Startup,67.72422871030797,76.1735629168268
CUST_00779,28.052782185540092,1,2,43,14,73.09280359330333,8,US-West,SMB,85.63863103812037,42.22406099267753
CUST_00780,62.92191930082921,18,8,32,52,85.97478056850669,5,US-East,Enterprise,29.655617812008053,100.0
CUST_00781,81.78506634148324,18,2,21,82,10.094768163604062,44,US-East,Enterprise,37.3523221363313,85.49639772352876
CUST_00782,78.00840237349648,3,9,25,66,59.25681827648268,24,EU,Startup,69.360153293622,95.77099192461449
CUST_00783,48.64050355361782,0,6,3,67,13.107986170470308,14,US-West,SMB,45.91220315560563,55.239601681797154
CUST_00784,11.260922934922068,8,2,30,4,25.276585995116406,6,EU,SMB,54.4495872174582,66.27066954102578
CUST_00785,17.07682600033369,15,7,6,37,78.16354454432106,26,APAC,Startup,70.26177197345592,100.0
CUST_00786,91.22545611011557,14,9,22,23,85.8470252598263,41,US-East,Startup,25.336592484265132,100.0
CUST_00787,4.606916967546759,8,8,3,54,16.457814471350286,24,APAC,Startup,67.98874980761312,78.39784902871993
CUST_00788,59.98857880527747,4,5,30,38,86.27707774592255,25,US-East,Enterprise,51.58464097561408,64.75180104310863
CUST_00789,83.32096879578015,13,5,11,73,39.494518602146215,16,EU,Startup,34.53915252179599,100.0
CUST_00790,19.04134960249102,5,5,56,30,7.924960612992882,46,APAC,Startup,54.26820611169643,57.25072962532806
CUST_00791,89.5644153063835,3,1,7,41,43.01759084443132,49,US-East,Enterprise,42.64669899519259,70.31462076169456
CUST_00792,99.25977185816602,0,5,25,25,10.456286475434151,27,US-West,Enterprise,23.083086911528614,80.1710007120422
CUST_00793,54.488168602939346,7,0,47,55,84.24641068355751,4,US-East,Enterprise,68.09638042378673,51.15337983640917
CUST_00794,64.2776550059865,9,9,3,48,65.31871891578125,42,APAC,Enterprise,54.624234915585234,100.0
CUST_00795,43.03164280423909,3,0,49,75,7.198081846332172,49,APAC,Enterprise,61.23355223946599,34.63668734189612
CUST_00796,3.121356033874756,13,9,15,32,30.328102606544526,19,US-East,Enterprise,48.484888201220585,100.0
CUST_00797,24.599974030679515,16,8,28,60,20.7843721419649,26,EU,Startup,50.871734790955884,100.0
CUST_00798,9.785700271645004,8,2,53,60,35.23088842091783,9,US-West,SMB,69.64327975732526,36.159280318363955
CUST_00799,34.98033545115794,16,2,41,21,67.55323686200568,47,US-East,Startup,51.072034120260646,87.63902219258699
CUST_00800,49.62951255006397,15,4,26,18,98.49291084414916,44,EU,Enterprise,59.465299596761746,100.0
CUST_00801,65.47707136020883,10,4,2,16,73.16795987874818,20,US-East,Startup,72.76234821780041,87.67168164295542
CUST_00802,67.41869488296139,11,7,43,41,29.833774358749878,16,APAC,Enterprise,35.93157965995946,100.0
CUST_00803,58.88102701562232,8,2,45,53,17.4786715045158,17,US-West,Startup,53.61968390997313,72.94325079701707
CUST_00804,28.28859097863652,13,0,7,30,2.4697297686111286,45,EU,Startup,35.73940044939513,61.7290617422333
CUST_00805,12.857957851166912,5,0,9,49,62.59839139179536,11,US-East,Startup,58.835624418764596,38.70558280834912
CUST_00806,21.68142759291083,3,2,58,87,17.571524583682585,16,US-East,Enterprise,70.81331800982551,23.754875204966503
CUST_00807,82.5134875661419,19,1,43,51,29.88631887868677,48,APAC,Startup,38.81024811334533,95.46809393786717
CUST_00808,69.00753541887977,19,2,53,3,52.71483816252647,43,APAC,Startup,45.47850383033813,97.63531875208855
CUST_00809,28.622430723999436,2,4,58,58,2.3047088406607408,2,US-East,Enterprise,71.83631343457327,46.833879208742175
CUST_00810,3.517463153159661,3,0,14,32,33.96606204814427,2,APAC,Enterprise,80.53422004933104,25.365075719730775
CUST_00811,83.35741096457367,8,9,35,37,60.40049977395001,40,EU,Enterprise,30.84738189276314,100.0
CUST_00812,96.07147516698174,18,0,22,77,61.09594994322547,13,US-West,Enterprise,45.1890203311014,98.32293382332365
CUST_00813,83.44291199057423,18,5,39,32,29.141513867604864,4,US-East,SMB,1.1598822872956553,100.0
CUST_00814,14.016543338273035,8,2,59,51,13.82455656340571,27,US-East,Enterprise,65.74058785205064,44.81548612497446
CUST_00815,87.77129606969395,4,7,3,60,80.74779356519089,23,EU,SMB,51.07191486516157,97.08833421707888
CUST_00816,27.170751885409295,6,0,5,71,40.485988961814435,3,US-West,Enterprise,74.20233621750515,23.35970255581085
CUST_00817,41.499775837075425,0,0,8,19,22.436917569848603,44,APAC,SMB,75.57550393741138,29.901118047273773
CUST_00818,23.921108803421877,9,8,3,89,50.58092225923298,15,EU,SMB,50.36598978513049,95.59972525096667
CUST_00819,58.53754227909563,8,1,7,20,11.927167203974342,46,APAC,Enterprise,45.773221885793895,53.161860332511914
CUST_00820,78.90406042020471,19,7,42,8,29.241508388424798,32,US-West,Enterprise,20.258289134881053,100.0
CUST_00821,16.682970495026282,5,0,25,67,82.96438053529283,2,APAC,Enterprise,84.18743775582922,18.413098565566724
CUST_00822,63.05886973085435,12,8,33,26,50.78974160033809,21,US-West,Startup,47.17414694226395,100.0
CUST_00823,63.08510386451117,6,0,31,54,39.258775036111125,10,US-West,Enterprise,65.92186328214751,29.749941762247214
CUST_00824,74.63138125690769,3,3,33,18,39.43411463506643,8,APAC,Enterprise,59.12940761889976,73.5702372792241
CUST_00825,38.29373822916171,15,1,59,32,7.4176195594312215,5,APAC,Startup,48.53492297487523,75.7100518534391
CUST_00826,23.13141822622935,4,6,40,82,17.66823141763052,30,US-East,Startup,59.16168576600111,63.91735346816468
CUST_00827,18.79035887984165,15,5,41,6,60.251136357472866,47,EU,Enterprise,47.159059682556546,100.0
CUST_00828,32.053616680649554,16,4,27,88,18.949014589960424,4,US-East,Enterprise,54.95375942673922,81.42674520819648
CUST_00829,68.10501117304453,11,8,41,81,90.11776232173557,38,APAC,SMB,42.957305935189844,100.0
CUST_00830,88.63686470955409,4,2,23,60,5.63332777992398,9,US-West,Startup,25.59838083935732,56.32598048338275
CUST_00831,26.269330988000515,16,6,54,48,31.958942625999832,1,APAC,Startup,47.79512615980481,100.0
CUST_00832,80.79380300142834,11,3,53,76,72.12872689738266,40,APAC,Startup,47.43348292259125,83.75255566122718
CUST_00833,77.78777055368772,16,8,6,88,3.144595505894754,20,EU,Enterprise,35.842286111067764,100.0
CUST_00834,76.97723073855856,12,7,43,81,51.76298283979672,25,US-East,Enterprise,41.21184123132406,100.0
CUST_00835,26.689928809877184,7,2,3,70,57.96324582018182,14,EU,SMB,61.10805109483795,46.52728862784441
CUST_00836,74.72246450885869,16,5,40,64,56.95212786820326,27,APAC,Startup,36.3129813654744,100.0
CUST_00837,93.59941790017777,8,2,45,89,89.75621934531601,32,US-West,Startup,64.12184036624772,80.65245469603606
CUST_00838,3.105687603515561,14,5,4,82,1.585354537356698,8,APAC,SMB,56.65498042254117,73.12268970880035
CUST_00839,44.7272968157122,15,4,23,26,69.52584007554336,1,US-West,Startup,50.553234602691234,95.43188260378692
CUST_00840,17.740947012118234,15,1,40,37,9.612585173215148,10,APAC,SMB,51.38119058858141,81.2918179528498
CUST_00841,14.112611829932186,7,8,26,1,8.757456298623822,5,EU,SMB,51.32756916026514,100.0
CUST_00842,16.251564475711533,11,4,56,89,80.5857705334062,31,APAC,Enterprise,62.14765071324198,47.62148566914054
CUST_00843,30.264034063681457,0,3,57,75,68.81176592063503,40,US-West,Enterprise,76.98915800715663,40.31602291620468
CUST_00844,66.96839724632724,17,5,18,79,61.38459450077243,7,US-East,Enterprise,50.81802372134344,100.0
CUST_00845,98.25789229922046,17,5,55,56,64.80316573308617,22,US-East,Enterprise,50.32913936182682,100.0
CUST_00846,32.443822863506625,2,6,10,82,63.055923434573835,45,US-West,SMB,68.46352965073837,63.701759963127174
CUST_00847,3.0824618699370254,11,7,7,45,39.95985116208679,45,APAC,Enterprise,70.09539362938496,100.0
CUST_00848,42.88874313502106,2,3,41,27,93.68534300910153,43,EU,Enterprise,61.30121633433802,43.50895347897923
CUST_00849,98.63499229441621,12,4,37,30,71.94599676699718,29,US-West,Enterprise,47.90780881364634,100.0
CUST_00850,41.521375668433066,18,1,33,88,22.991837086163258,36,EU,Enterprise,72.12020256281667,86.32426586050775
CUST_00851,7.036810790602932,17,0,34,38,71.52670825092443,34,US-East,SMB,74.42988753467354,47.384370933079296
CUST_00852,81.36157259807193,5,4,47,0,20.746943805887717,21,US-West,Enterprise,26.394717354429638,94.69598550436662
CUST_00853,56.831915107792554,12,2,43,1,68.02377538437831,12,APAC,SMB,58.53452375058361,85.83930869120363
CUST_00854,11.846170509448184,3,8,30,41,69.79904714977924,14,US-East,SMB,64.52521084411009,80.04767061733911
CUST_00855,57.099157132597846,12,7,41,79,1.4515094527608796,43,APAC,SMB,22.05232962366005,90.60327295212012
CUST_00856,43.00553451912743,3,8,7,7,77.64868813156667,6,US-West,SMB,73.71475553218363,100.0
CUST_00857,64.72222833978554,19,5,38,25,45.723041961954436,16,US-East,SMB,60.18158309530409,100.0
CUST_00858,73.18732530627202,14,1,47,61,15.049549807258556,40,US-East,SMB,39.93416331540428,77.97683603093569
CUST_00859,48.301185554837865,6,5,9,75,25.769564818917967,34,EU,Startup,40.36489788518181,71.8064006895112
CUST_00860,80.3133088936246,11,0,51,87,29.230304655483753,22,EU,Enterprise,64.36984532305557,70.06412146826045
CUST_00861,67.97257960017582,16,8,29,25,12.126489335913671,42,EU,Startup,15.19693069938101,100.0
CUST_00862,17.84506740983748,19,6,51,80,26.066638256210172,0,APAC,Enterprise,52.23937409082306,95.66376338653879
CUST_00863,9.4953647418331,3,4,23,78,26.25086042665441,18,US-West,Startup,98.16783716405024,42.03836470540968
CUST_00864,47.53590676808685,15,9,54,40,16.39202620469449,48,EU,Startup,18.926002913695186,100.0
CUST_00865,7.89805993662317,14,7,38,2,82.645365245498,15,US-West,Startup,61.99916803022724,100.0
CUST_00866,3.8591561938133845,6,3,29,23,12.897890792716527,3,US-East,Startup,68.66770750534795,50.13183355968609
CUST_00867,8.438794789498704,2,9,43,6,15.374931210291809,8,EU,SMB,58.780380447994204,84.25923992866052
CUST_00868,20.03398210964423,2,7,32,83,48.28100933283703,12,US-West,Enterprise,65.26765111978236,69.29615419356728
CUST_00869,13.698222230952783,11,1,50,40,96.11182680216402,2,US-East,SMB,71.09131040718836,41.26652470463412
CUST_00870,10.448031675395807,17,9,11,16,92.25724049058,22,US-East,SMB,61.120106551008185,100.0
CUST_00871,69.35098370463204,1,8,14,3,84.30369469277032,35,EU,SMB,52.19656479009354,81.12492158666389
CUST_00872,80.32634006271282,9,4,42,73,24.985379607832957,31,APAC,Startup,39.7211471037364,93.61279665292251
CUST_00873,40.6082132559771,4,3,8,70,80.60967479607474,43,US-East,Enterprise,57.58269292334868,54.4495069355613
CUST_00874,79.43842250928563,13,2,18,87,85.51094219974401,9,US-East,SMB,48.46923163945469,81.14723890263451
CUST_00875,4.097822224989045,14,2,33,61,80.57928659582348,30,US-East,Startup,81.74120584673295,66.27540532335878
CUST_00876,33.631272750495555,3,4,25,85,55.18287335341685,22,EU,Startup,68.14674491480781,38.89319588692855
CUST_00877,93.80538535539297,8,1,59,6,33.336783811656275,16,EU,SMB,31.104869086429765,70.96038830160553
CUST_00878,71.54362032765404,1,6,41,85,55.51597297901548,14,US-East,Startup,64.22213156708456,66.75449536632064
CUST_00879,36.14653284985154,8,1,36,72,68.30695751901241,47,US-West,SMB,45.53991588460019,53.98958257524902
CUST_00880,22.970231536213436,12,3,29,5,13.44901064955023,23,US-East,Startup,45.31225658124554,65.592980174572
CUST_00881,80.73456212003686,11,8,8,67,91.06430158345454,9,US-West,SMB,42.24529092914556,100.0
CUST_00882,77.04117870686437,13,9,16,53,97.37425820384935,16,US-West,Startup,17.77063625128166,100.0
CUST_00883,31.276072742181594,18,5,25,17,98.93406378396237,20,US-East,Startup,53.30842564964931,100.0
CUST_00884,0.024293443451273156,12,9,57,60,3.232326532609031,33,US-East,SMB,54.69205493745126,100.0
CUST_00885,37.36056595340591,4,3,9,21,40.41484317770563,15,EU,SMB,61.64967146418864,49.48481027290846
CUST_00886,37.39387136037746,16,4,58,69,30.37238516318258,46,US-East,Startup,51.96536638041287,76.54604827300169
CUST_00887,94.30207096457362,18,3,35,73,86.99295623969935,5,US-East,Startup,55.23632749555007,100.0
CUST_00888,12.665587284719393,16,8,17,46,9.125165911904809,30,EU,Enterprise,36.180119160946134,100.0
CUST_00889,81.60335023020684,17,9,40,18,29.845066114776053,5,EU,Startup,13.675708684767152,100.0
CUST_00890,22.381808605642885,9,7,12,32,52.354159385708165,16,US-West,Startup,53.27867387477413,92.91940350012612
CUST_00891,87.33914579092193,16,1,37,81,20.728252254973555,48,US-East,Enterprise,53.51458074266606,81.64725731439373
CUST_00892,68.89999849885683,15,5,59,34,93.08981443714295,36,US-West,Enterprise,58.5187796389399,99.96249862222926
CUST_00893,12.703357597323173,1,6,10,83,98.09863027986832,15,US-East,SMB,80.72953585614195,43.47864852875837
CUST_00894,56.28302372146029,14,4,42,60,87.12769881211571,33,US-West,Startup,60.116423721966314,75.47764012914432
CUST_00895,12.58023363460513,5,3,15,87,45.186904465227784,28,US-East,Startup,73.62637303122669,31.591631933739958
CUST_00896,90.92323764615014,3,5,18,80,32.806968448565776,23,EU,Enterprise,43.19034151822632,87.44429053113015
CUST_00897,35.99140362153634,4,4,3,62,39.075298456700416,22,APAC,Enterprise,73.01763640464019,52.232627142648425
CUST_00898,98.10294891150761,7,4,56,30,47.60207068801199,11,EU,SMB,50.26345019240118,77.19998878232948
CUST_00899,81.54877655801359,10,6,29,73,88.57019135404776,35,EU,Enterprise,48.45440017223439,100.0
CUST_00900,39.808717823623084,0,1,45,87,97.60201575244942,15,EU,Startup,92.17016936337832,26.722858002505482
CUST_00901,12.756815136428424,9,4,10,19,69.32095422188678,27,APAC,SMB,62.8854958717741,60.37636702725625
CUST_00902,61.76945861885908,7,5,2,49,82.85302595815085,38,US-West,Startup,73.46538019880677,57.175528084092875
CUST_00903,12.46974471236032,0,5,38,18,75.83026172105185,2,US-West,Enterprise,70.82274166837944,46.758193512862434
CUST_00904,86.02532863997044,2,9,23,2,86.69410428305123,26,US-East,SMB,43.06501106982734,88.55029762933317
CUST_00905,21.092733610651194,15,7,44,20,86.42306022615571,38,US-West,SMB,40.3466048538511,100.0
CUST_00906,39.84004666094244,3,7,24,74,33.53382383482103,20,APAC,Enterprise,63.00182903646794,72.97413566156986
CUST_00907,17.97978134950754,0,5,44,71,46.78594626341599,43,APAC,Enterprise,77.47776168533493,40.069317110934364
CUST_00908,48.97040318578551,16,5,19,40,53.08590342884758,5,APAC,SMB,39.17427749323604,100.0
CUST_00909,62.61740737938947,3,1,28,37,96.78623511632131,16,US-East,Enterprise,57.482593236723716,48.519539944827585
CUST_00910,43.70337254497708,14,1,35,29,29.376187302738632,10,APAC,Startup,53.66005775058762,62.32619321404041
CUST_00911,51.492750886067206,12,7,51,86,85.2538740855967,29,APAC,Enterprise,73.1334820668248,100.0
CUST_00912,59.50463449237612,18,6,45,5,96.95568752231853,18,EU,SMB,46.6222774674348,100.0
CUST_00913,35.78132797026095,15,4,53,53,93.1535049155262,44,US-East,SMB,54.076687749326716,96.50428302600493
CUST_00914,0.37196608180591895,17,6,44,37,52.3292462888995,3,APAC,Startup,43.38544631693563,95.44220069951379
CUST_00915,77.54095145924947,10,8,3,68,47.31726516309565,31,US-West,Startup,36.364351881120676,100.0
CUST_00916,69.79717909236136,12,0,13,53,58.77032283414765,7,APAC,SMB,53.61770206679161,53.52909505872677
CUST_00917,19.18361146010106,3,3,47,78,27.005846610155572,44,US-East,SMB,61.21271405526804,51.40210470814031
CUST_00918,26.132839594090186,13,7,48,13,24.1960635674496,17,EU,Startup,33.245397787320655,100.0
CUST_00919,44.15472888798304,8,7,56,14,64.2833390815738,34,US-East,Startup,42.414011914320966,98.13959907098577
CUST_00920,68.56030665448743,7,0,54,13,99.56042018035059,29,EU,Startup,56.29082715410699,52.995635167563655
CUST_00921,1.526483964602976,0,1,16,11,5.240568646119881,39,US-West,Enterprise,79.39510753059433,29.29591756652515
CUST_00922,78.19526169721519,6,5,45,76,11.040949767672625,23,APAC,Enterprise,45.17491603210315,81.44039705622009
CUST_00923,9.148295792964712,4,8,14,75,8.642463244723741,39,US-West,Enterprise,55.75095159144974,72.55745275001725
CUST_00924,13.929668940710084,0,8,3,50,30.932422435822293,15,US-East,Enterprise,69.70676766047774,61.80829622019627
CUST_00925,18.55259752577192,17,7,7,41,4.83958819457656,43,US-East,Enterprise,39.503870886956804,100.0
CUST_00926,45.2323477634296,4,5,7,25,48.758160339671605,7,EU,Enterprise,68.11656576226915,66.75769038737803
CUST_00927,63.5156988863935,6,4,35,48,40.66058530460956,36,US-East,SMB,30.61148665138364,75.71709353346864
CUST_00928,88.75630718161914,19,1,12,23,81.69576873942623,37,EU,SMB,43.760206927956034,100.0
CUST_00929,81.58552557456903,14,6,12,43,96.9361244995776,28,US-East,Startup,43.05791726810303,100.0
CUST_00930,40.561939025544234,11,9,4,26,25.699173531094754,40,EU,Startup,44.70335003813359,100.0
CUST_00931,54.2033345097202,9,3,5,4,44.8160873369002,40,US-West,Startup,45.316798679860234,83.18506392950746
CUST_00932,26.857960433296657,2,1,21,69,67.76111820995942,17,APAC,SMB,65.6798694039823,33.954517495170634
CUST_00933,15.863718664959869,2,8,36,48,80.46416973346773,22,EU,Startup,73.20909744082186,72.32276519201797
CUST_00934,30.96819583129514,2,5,4,87,90.72431672770787,44,US-East,Enterprise,92.48220631760898,68.57499720305579
CUST_00935,52.052053364151455,2,9,53,30,75.28089945110099,29,APAC,SMB,48.5081397943721,79.20604220364514
CUST_00936,68.74648040497281,8,7,57,73,87.74892417314881,46,US-West,SMB,43.38106197414926,79.63165487927864
CUST_00937,90.28766470629958,13,7,38,11,75.90280480512028,28,APAC,SMB,40.9684380042736,100.0
CUST_00938,79.97627427952398,6,7,19,21,89.45978733509719,37,EU,Startup,26.366002970643997,94.2590616918022
CUST_00939,94.70402781443592,14,9,59,23,42.50024141231975,36,US-East,SMB,40.48043258416155,100.0
CUST_00940,30.600097358316745,15,6,1,59,40.773921619159495,20,APAC,SMB,45.029722428205496,87.42149895194727
CUST_00941,11.209851035075879,3,3,55,89,15.57516228655298,44,EU,Startup,77.94151285292861,32.45750601701456
CUST_00942,89.88153748063466,18,7,14,9,1.3076534174614851,28,US-West,Startup,7.044596837670326,100.0
CUST_00943,94.7170616843394,9,3,55,65,3.426112279350435,15,US-East,Startup,62.70937750559597,83.33615227745332
CUST_00944,14.383447099031088,19,0,54,49,58.54859383150356,3,EU,SMB,49.364527898518716,78.07217713657123
CUST_00945,52.37584965528499,9,7,33,11,1.1897832245155615,27,EU,Startup,57.52792981181098,100.0
CUST_00946,58.94708030932468,19,2,17,9,62.75061542017662,37,US-East,Enterprise,32.20278952296813,96.30728018050954
CUST_00947,74.40494512285778,14,5,30,39,63.77028510419288,43,US-East,Startup,48.836681859636116,97.19528357108439
CUST_00948,88.91193557274428,7,6,33,43,69.15055458135944,36,APAC,Enterprise,52.708280534193484,100.0
CUST_00949,94.2602700484747,11,2,57,48,21.47445024083574,23,EU,SMB,28.27986047162298,100.0
CUST_00950,25.20698868501715,19,7,9,70,48.067011230507674,1,EU,SMB,64.06630345431684,100.0
CUST_00951,43.184369231202965,1,2,12,63,61.74627479132213,35,US-East,SMB,73.06360363268176,28.952781713767614
CUST_00952,77.72955758390735,9,2,36,62,20.989284230499717,47,US-West,Startup,40.77915871548678,74.5265834902611
CUST_00953,89.86389283011033,10,5,21,0,2.6297726684668565,20,US-East,Startup,11.794791727178673,100.0
CUST_00954,26.324617483054435,11,6,6,52,33.91645325250337,4,APAC,Startup,59.32356506984955,79.62235060583487
CUST_00955,14.308139541731391,19,3,26,52,65.88554042268422,18,US-West,Startup,55.06547226268421,86.94550376402246
CUST_00956,18.492601877281743,2,9,5,15,5.778819701986415,37,APAC,SMB,32.943084786116316,89.61490840146627
CUST_00957,50.03336556760224,17,0,58,82,49.267433031100296,5,US-West,SMB,60.15491076078541,71.134362578154
CUST_00958,21.879435157672255,8,7,34,79,20.307059292006212,15,APAC,Enterprise,41.46941103715149,83.76074020105193
CUST_00959,75.94287049564865,6,2,39,23,99.28039781860144,47,APAC,Enterprise,53.13609518422588,59.67665593042812
CUST_00960,53.42471107203831,0,4,51,75,65.5415696802855,37,EU,Startup,73.96307505173142,46.59240493296437
CUST_00961,29.244180458951575,7,4,49,40,57.349958493521605,33,US-West,SMB,58.89176662772823,64.42407311607715
CUST_00962,18.54118178271742,9,1,57,31,4.488101647271803,36,US-East,Enterprise,54.28308408380835,77.15290983179156
CUST_00963,92.02723688024076,13,7,55,36,6.449068045584627,27,EU,SMB,20.659460401930648,100.0
CUST_00964,83.5564798571235,13,5,46,74,69.52296557477356,7,EU,SMB,62.851827887058775,100.0
CUST_00965,91.70985051717942,12,1,5,74,56.01718955673584,10,EU,Startup,45.220729720668515,72.62468136694818
CUST_00966,21.430007232287863,16,9,25,32,91.41564616535011,14,US-West,SMB,53.964111506794474,100.0
CUST_00967,69.81169240835236,14,3,56,63,27.2467184033096,33,APAC,Startup,45.768784316025645,87.61458674598522
CUST_00968,59.856435015830996,8,7,14,32,7.509364580531397,11,EU,SMB,43.116930681219856,95.27995979272704
CUST_00969,60.671957978223205,13,7,12,40,14.77463244379611,49,US-West,SMB,41.742778304885796,100.0
CUST_00970,21.563976272584917,7,0,25,60,82.91817799499177,48,US-East,Startup,72.70368172740139,37.08828738687627
CUST_00971,83.91923428715384,15,8,38,42,59.433173392659576,22,US-West,Startup,40.14046816075347,100.0
CUST_00972,39.371916965303754,3,6,34,5,66.7601713583235,49,US-East,Enterprise,46.97961380945925,74.97382175490712
CUST_00973,31.336940643035792,14,3,57,45,92.92609751978921,39,US-East,Startup,52.75036915625022,73.61158725314316
CUST_00974,98.70823640059703,19,0,16,61,82.40944904843742,23,US-East,SMB,50.51516241307414,100.0
CUST_00975,64.4906323864917,4,1,42,86,78.49556152865075,14,US-West,Enterprise,41.47308578609329,51.45729028121938
CUST_00976,55.68121431407401,16,4,9,37,42.55633657183516,22,US-East,SMB,43.591322654195395,93.42518045176045
CUST_00977,7.964512903476583,19,0,41,85,68.73724657578066,7,US-East,SMB,83.43613749167444,55.863902019749844
CUST_00978,55.342770078706806,11,2,44,49,51.25826268471365,34,US-East,Startup,45.64215512649384,66.80486086729634
CUST_00979,62.4942275107395,11,4,21,16,37.39278697067838,31,US-East,Enterprise,40.79124292170609,98.39529767784082
CUST_00980,43.60482979725878,1,5,17,19,16.159795595802116,4,US-West,Enterprise,34.57137326467828,65.36899537433996
CUST_00981,8.38979606289093,0,0,13,26,77.04814531190299,5,EU,Startup,70.36008386525481,21.069535214328145
CUST_00982,53.35214309809838,18,9,27,56,50.76367226563473,37,EU,SMB,24.970103784179738,100.0
CUST_00983,28.15096207723755,18,8,20,49,10.745321644188655,16,US-East,SMB,45.90408604848187,100.0
CUST_00984,31.62923487256244,17,1,48,43,66.37983920426683,25,US-West,SMB,30.747471512557226,82.22197531927735
CUST_00985,92.75613488190422,15,6,43,53,31.500827518977403,14,EU,Startup,20.695798475099437,100.0
CUST_00986,92.24988963025031,15,7,39,69,25.339810755937265,12,EU,SMB,25.552008860083188,100.0
CUST_00987,26.623349451780143,4,5,51,63,83.60792751668383,33,EU,Enterprise,76.86986175950028,62.79676255358134
CUST_00988,20.450433869279582,5,1,35,64,44.11161640983337,44,US-East,Startup,70.20603119917978,25.314405956427386
CUST_00989,61.21586589432291,17,4,54,9,70.21643286483125,46,US-East,Startup,37.20206670629387,100.0
CUST_00990,81.43009836715878,3,1,56,69,79.20031261301959,34,APAC,SMB,60.79181300379969,46.214963227344384
CUST_00991,93.05292676740187,12,0,6,68,49.3076709787574,49,EU,Enterprise,72.75522499518138,87.28610362555119
CUST_00992,62.38889431629704,11,2,59,7,55.06132979851436,46,US-East,Startup,44.77358737916311,88.7156419141173
CUST_00993,89.50667229362142,0,5,13,10,41.5786062069183,25,US-East,Enterprise,42.281305985110286,75.34753235227774
CUST_00994,68.96080190004079,13,3,10,45,58.67315273897519,42,US-East,Startup,33.15911187758317,98.62383079874805
CUST_00995,61.73542509880671,9,9,42,68,3.1361568804588402,20,EU,SMB,29.235848704046344,100.0
CUST_00996,40.7164298467125,1,1,39,41,49.715381588287165,41,APAC,Startup,73.26272463585043,40.90591794343499
CUST_00997,65.61111504781671,14,4,25,48,24.006965310717867,33,EU,SMB,41.568853125988845,100.0
CUST_00998,36.85624690277138,2,9,17,71,27.096320787121954,35,APAC,SMB,60.539627111765704,73.70083177431088
CUST_00999,7.60999889807743,4,3,3,36,23.185961388284838,47,US-East,Enterprise,65.41834522279785,42.38372161662388
CUST_01000,40.78849268503589,16,7,34,8,72.08932190520977,12,EU,SMB,44.144176035919045,100.0
